,Open,High,Low,Close,Adj Close,Volume,Date
0,18.0,18.0,17.809999,17.85,17.85,208800.0,2017-07-12T00:00:00
1,17.9,17.9,17.450001,17.84,17.84,130700.0,2017-07-13T00:00:00
2,17.85,18.040001,17.709999,17.82,17.82,144300.0,2017-07-14T00:00:00
3,17.809999,18.09,17.68,17.950001,17.950001,160300.0,2017-07-17T00:00:00
4,17.889999,17.98,17.700001,17.870001,17.870001,96600.0,2017-07-18T00:00:00
5,17.950001,18.0,17.540001,17.74,17.74,179600.0,2017-07-19T00:00:00
6,17.76,18.1,17.76,17.92,17.92,131500.0,2017-07-20T00:00:00
7,18.09,18.67,17.889999,18.450001,18.450001,576500.0,2017-07-21T00:00:00
8,18.48,18.48,17.52,17.75,17.75,174800.0,2017-07-24T00:00:00
9,17.799999,17.969999,17.5,17.709999,17.709999,152700.0,2017-07-25T00:00:00
10,17.719999,17.85,17.549999,17.620001,17.620001,128900.0,2017-07-26T00:00:00
11,17.719999,17.860001,17.110001,17.290001,17.290001,210200.0,2017-07-27T00:00:00
12,17.200001,17.66,17.200001,17.559999,17.559999,118700.0,2017-07-28T00:00:00
13,17.549999,17.57,17.26,17.280001,17.280001,131700.0,2017-07-31T00:00:00
14,17.309999,17.309999,16.559999,16.67,16.67,419200.0,2017-08-01T00:00:00
15,16.73,16.870001,15.91,16.059999,16.059999,237800.0,2017-08-02T00:00:00
16,16.1,16.120001,15.36,15.72,15.72,368100.0,2017-08-03T00:00:00
17,15.77,16.09,15.57,15.98,15.98,157900.0,2017-08-04T00:00:00
18,15.99,16.219999,15.83,15.94,15.94,171500.0,2017-08-07T00:00:00
19,16.0,16.209999,15.59,15.64,15.64,206800.0,2017-08-08T00:00:00
20,15.65,16.129999,15.53,15.54,15.54,254000.0,2017-08-09T00:00:00
21,15.94,15.94,15.12,15.27,15.27,368700.0,2017-08-10T00:00:00
22,15.22,15.38,14.69,14.89,14.89,247000.0,2017-08-11T00:00:00
23,14.97,14.98,14.61,14.76,14.76,171400.0,2017-08-14T00:00:00
24,14.73,14.98,14.6,14.8,14.8,148700.0,2017-08-15T00:00:00
25,14.87,14.99,14.8,14.89,14.89,119400.0,2017-08-16T00:00:00
26,14.87,15.03,14.71,14.73,14.73,160400.0,2017-08-17T00:00:00
27,14.67,15.34,14.53,15.22,15.22,271600.0,2017-08-18T00:00:00
28,15.15,15.18,14.81,15.07,15.07,169400.0,2017-08-21T00:00:00
29,15.01,15.55,14.99,15.49,15.49,318900.0,2017-08-22T00:00:00
30,15.36,15.53,15.25,15.44,15.44,135000.0,2017-08-23T00:00:00
31,15.44,15.67,15.42,15.43,15.43,118300.0,2017-08-24T00:00:00
32,15.6,15.77,15.45,15.55,15.55,169600.0,2017-08-25T00:00:00
33,15.69,15.73,15.44,15.68,15.68,166600.0,2017-08-28T00:00:00
34,15.58,15.84,15.38,15.73,15.73,248400.0,2017-08-29T00:00:00
35,15.75,15.75,15.47,15.48,15.48,113500.0,2017-08-30T00:00:00
36,15.55,16.1,15.55,16.01,16.01,166400.0,2017-08-31T00:00:00
37,15.98,16.01,15.56,15.88,15.88,159800.0,2017-09-01T00:00:00
38,15.87,15.89,15.53,15.73,15.73,185300.0,2017-09-05T00:00:00
39,15.78,15.95,15.55,15.65,15.65,140900.0,2017-09-06T00:00:00
40,15.67,15.69,15.4,15.54,15.54,119200.0,2017-09-07T00:00:00
41,15.54,15.91,15.51,15.68,15.68,143300.0,2017-09-08T00:00:00
42,15.68,15.96,15.68,15.79,15.79,152700.0,2017-09-11T00:00:00
43,15.79,16.040001,15.74,15.77,15.77,146800.0,2017-09-12T00:00:00
44,15.76,15.98,15.67,15.69,15.69,115000.0,2017-09-13T00:00:00
45,15.71,15.91,15.65,15.78,15.78,107500.0,2017-09-14T00:00:00
46,15.82,15.87,15.68,15.73,15.73,303400.0,2017-09-15T00:00:00
47,15.74,16.0,15.72,15.78,15.78,106200.0,2017-09-18T00:00:00
48,15.84,15.89,15.46,15.66,15.66,149400.0,2017-09-19T00:00:00
49,15.69,15.79,15.56,15.64,15.64,93300.0,2017-09-20T00:00:00
50,15.73,17.0,15.72,16.4,16.4,403200.0,2017-09-21T00:00:00
51,16.42,16.42,15.85,16.1,16.1,173900.0,2017-09-22T00:00:00
52,16.040001,16.65,15.91,16.27,16.27,204100.0,2017-09-25T00:00:00
53,16.799999,18.0,16.799999,17.48,17.48,395300.0,2017-09-26T00:00:00
54,17.450001,18.0,17.33,17.99,17.99,235000.0,2017-09-27T00:00:00
55,17.9,17.969999,17.73,17.889999,17.889999,139400.0,2017-09-28T00:00:00
56,17.85,18.25,17.809999,17.870001,17.870001,242600.0,2017-09-29T00:00:00
57,17.969999,18.700001,17.92,18.690001,18.690001,332800.0,2017-10-02T00:00:00
58,18.74,18.83,18.35,18.549999,18.549999,259600.0,2017-10-03T00:00:00
59,18.6,18.799999,18.450001,18.49,18.49,190100.0,2017-10-04T00:00:00
60,18.309999,19.049999,18.309999,18.959999,18.959999,284900.0,2017-10-05T00:00:00
61,18.99,19.02,18.799999,18.940001,18.940001,86000.0,2017-10-06T00:00:00
62,19.0,19.0,18.629999,18.700001,18.700001,112200.0,2017-10-09T00:00:00
63,18.700001,18.860001,18.59,18.700001,18.700001,90600.0,2017-10-10T00:00:00
64,18.799999,19.040001,18.719999,18.860001,18.860001,148900.0,2017-10-11T00:00:00
65,18.85,18.860001,18.57,18.709999,18.709999,139300.0,2017-10-12T00:00:00
66,18.700001,18.73,17.790001,18.67,18.67,134500.0,2017-10-13T00:00:00
67,18.73,19.040001,18.67,18.74,18.74,235800.0,2017-10-16T00:00:00
68,18.66,18.66,18.35,18.48,18.48,157400.0,2017-10-17T00:00:00
69,18.4,18.67,18.35,18.540001,18.540001,133100.0,2017-10-18T00:00:00
70,18.41,18.540001,17.969999,18.450001,18.450001,117900.0,2017-10-19T00:00:00
71,18.540001,18.67,18.41,18.5,18.5,109600.0,2017-10-20T00:00:00
72,18.52,18.52,18.139999,18.26,18.26,176500.0,2017-10-23T00:00:00
73,18.309999,18.450001,17.870001,18.25,18.25,162200.0,2017-10-24T00:00:00
74,18.26,18.41,18.02,18.18,18.18,197000.0,2017-10-25T00:00:00
75,18.200001,18.65,18.190001,18.41,18.41,212300.0,2017-10-26T00:00:00
76,18.48,18.5,18.24,18.41,18.41,126400.0,2017-10-27T00:00:00
77,18.360001,18.52,17.879999,18.15,18.15,142200.0,2017-10-30T00:00:00
78,18.219999,18.43,17.98,18.07,18.07,205600.0,2017-10-31T00:00:00
79,18.18,18.540001,18.02,18.43,18.43,178600.0,2017-11-01T00:00:00
80,18.49,18.540001,18.24,18.52,18.52,150200.0,2017-11-02T00:00:00
81,18.49,19.129999,18.49,19.120001,19.120001,323500.0,2017-11-03T00:00:00
82,19.15,19.15,17.950001,17.969999,17.969999,293100.0,2017-11-06T00:00:00
83,17.98,18.16,17.790001,17.889999,17.889999,175800.0,2017-11-07T00:00:00
84,17.76,18.299999,17.52,17.809999,17.809999,268600.0,2017-11-08T00:00:00
85,17.0,19.15,17.0,18.809999,18.809999,388100.0,2017-11-09T00:00:00
86,18.73,19.219999,18.459999,18.549999,18.549999,305400.0,2017-11-10T00:00:00
87,18.549999,18.549999,17.77,17.860001,17.860001,229300.0,2017-11-13T00:00:00
88,17.860001,18.07,17.530001,17.76,17.76,225100.0,2017-11-14T00:00:00
89,17.709999,18.01,17.360001,17.860001,17.860001,197000.0,2017-11-15T00:00:00
90,17.92,18.17,17.83,18.15,18.15,142000.0,2017-11-16T00:00:00
91,18.040001,18.48,18.040001,18.379999,18.379999,115100.0,2017-11-17T00:00:00
92,18.200001,18.469999,18.01,18.33,18.33,139000.0,2017-11-20T00:00:00
93,18.370001,19.02,18.360001,18.879999,18.879999,219600.0,2017-11-21T00:00:00
94,18.889999,19.139999,18.799999,18.9,18.9,206400.0,2017-11-22T00:00:00
95,18.860001,18.860001,18.1,18.299999,18.299999,194700.0,2017-11-24T00:00:00
96,18.32,18.6,17.85,18.030001,18.030001,262100.0,2017-11-27T00:00:00
97,18.030001,18.43,17.9,18.190001,18.190001,490100.0,2017-11-28T00:00:00
98,18.26,19.200001,18.26,19.08,19.08,663600.0,2017-11-29T00:00:00
99,19.200001,19.6,19.0,19.59,19.59,738400.0,2017-11-30T00:00:00
100,19.6,19.75,18.68,19.18,19.18,257200.0,2017-12-01T00:00:00
101,19.290001,19.559999,18.889999,18.889999,18.889999,150000.0,2017-12-04T00:00:00
102,18.879999,19.110001,18.559999,18.68,18.68,154800.0,2017-12-05T00:00:00
103,18.629999,18.68,18.209999,18.33,18.33,131200.0,2017-12-06T00:00:00
104,18.33,18.52,18.16,18.32,18.32,172700.0,2017-12-07T00:00:00
105,18.469999,18.57,18.33,18.459999,18.459999,107900.0,2017-12-08T00:00:00
106,18.5,18.75,18.27,18.6,18.6,158100.0,2017-12-11T00:00:00
107,18.639999,19.35,18.58,19.26,19.26,262300.0,2017-12-12T00:00:00
108,19.25,19.5,19.01,19.209999,19.209999,161700.0,2017-12-13T00:00:00
109,19.219999,19.42,18.629999,18.73,18.73,164100.0,2017-12-14T00:00:00
110,18.74,19.309999,18.74,19.299999,19.299999,663500.0,2017-12-15T00:00:00
111,19.4,19.610001,19.16,19.52,19.52,208900.0,2017-12-18T00:00:00
112,19.59,19.68,19.15,19.18,19.18,184600.0,2017-12-19T00:00:00
113,19.09,19.6,19.09,19.309999,19.309999,214700.0,2017-12-20T00:00:00
114,19.18,19.68,19.18,19.5,19.5,191800.0,2017-12-21T00:00:00
115,19.5,19.75,19.27,19.370001,19.370001,153200.0,2017-12-22T00:00:00
116,19.34,19.799999,19.26,19.639999,19.639999,159300.0,2017-12-26T00:00:00
117,19.639999,19.950001,19.59,19.75,19.75,233700.0,2017-12-27T00:00:00
118,19.77,19.950001,19.66,19.74,19.74,147900.0,2017-12-28T00:00:00
119,19.76,19.9,19.23,19.24,19.24,250800.0,2017-12-29T00:00:00
120,19.299999,19.48,19.01,19.17,19.17,262800.0,2018-01-02T00:00:00
121,19.17,19.549999,18.639999,18.77,18.77,290300.0,2018-01-03T00:00:00
122,18.9,18.959999,18.219999,18.280001,18.280001,167600.0,2018-01-04T00:00:00
123,18.360001,18.48,17.940001,18.059999,18.059999,161600.0,2018-01-05T00:00:00
124,18.059999,18.23,17.75,18.030001,18.030001,200100.0,2018-01-08T00:00:00
125,18.059999,18.24,17.9,17.92,17.92,125300.0,2018-01-09T00:00:00
126,17.83,17.959999,17.6,17.82,17.82,168900.0,2018-01-10T00:00:00
127,17.82,18.190001,17.77,18.16,18.16,132800.0,2018-01-11T00:00:00
128,18.139999,18.809999,18.139999,18.559999,18.559999,170500.0,2018-01-12T00:00:00
129,18.530001,18.879999,18.52,18.780001,18.780001,204400.0,2018-01-16T00:00:00
130,18.889999,19.469999,18.799999,19.450001,19.450001,231400.0,2018-01-17T00:00:00
131,19.33,19.5,19.0,19.459999,19.459999,178500.0,2018-01-18T00:00:00
132,19.41,19.48,19.200001,19.370001,19.370001,112000.0,2018-01-19T00:00:00
133,19.41,19.6,19.209999,19.370001,19.370001,112800.0,2018-01-22T00:00:00
134,19.4,19.59,19.26,19.389999,19.389999,76000.0,2018-01-23T00:00:00
135,19.4,19.58,19.17,19.32,19.32,122600.0,2018-01-24T00:00:00
136,19.389999,19.440001,19.139999,19.4,19.4,88000.0,2018-01-25T00:00:00
137,19.49,19.84,19.23,19.58,19.58,159900.0,2018-01-26T00:00:00
138,19.52,19.790001,19.450001,19.59,19.59,140600.0,2018-01-29T00:00:00
139,19.42,19.440001,18.92,18.92,18.92,240900.0,2018-01-30T00:00:00
140,19.15,19.18,18.58,18.639999,18.639999,182900.0,2018-01-31T00:00:00
141,18.620001,18.969999,18.34,18.940001,18.940001,149300.0,2018-02-01T00:00:00
142,18.790001,18.879999,18.35,18.370001,18.370001,133400.0,2018-02-02T00:00:00
143,18.18,18.42,17.209999,17.23,17.23,234200.0,2018-02-05T00:00:00
144,16.870001,17.66,16.76,17.540001,17.540001,292500.0,2018-02-06T00:00:00
145,17.52,18.049999,17.200001,17.940001,17.940001,150200.0,2018-02-07T00:00:00
146,17.950001,18.35,17.65,17.85,17.85,162800.0,2018-02-08T00:00:00
147,18.030001,18.530001,17.74,18.4,18.4,269100.0,2018-02-09T00:00:00
148,18.51,18.75,18.34,18.5,18.5,197000.0,2018-02-12T00:00:00
149,18.450001,18.6,18.110001,18.41,18.41,129000.0,2018-02-13T00:00:00
150,18.209999,18.799999,18.08,18.76,18.76,143400.0,2018-02-14T00:00:00
151,18.91,19.08,18.809999,19.030001,19.030001,129700.0,2018-02-15T00:00:00
152,18.99,19.16,18.700001,18.780001,18.780001,111100.0,2018-02-16T00:00:00
153,18.65,18.870001,18.4,18.42,18.42,130500.0,2018-02-20T00:00:00
154,18.49,19.290001,18.49,18.73,18.73,171700.0,2018-02-21T00:00:00
155,18.809999,19.110001,18.59,18.84,18.84,149600.0,2018-02-22T00:00:00
156,19.0,19.23,18.780001,19.200001,19.200001,184700.0,2018-02-23T00:00:00
157,19.18,19.360001,18.940001,19.18,19.18,178500.0,2018-02-26T00:00:00
158,19.17,19.299999,18.969999,19.040001,19.040001,214000.0,2018-02-27T00:00:00
159,19.1,19.1,18.35,18.360001,18.360001,187300.0,2018-02-28T00:00:00
160,18.35,18.52,18.01,18.059999,18.059999,249500.0,2018-03-01T00:00:00
161,17.959999,18.49,17.959999,18.34,18.34,182700.0,2018-03-02T00:00:00
162,18.26,18.559999,17.91,18.129999,18.129999,255800.0,2018-03-05T00:00:00
163,18.190001,18.190001,17.68,17.93,17.93,176700.0,2018-03-06T00:00:00
164,17.74,18.49,17.74,18.299999,18.299999,190400.0,2018-03-07T00:00:00
165,18.290001,18.809999,18.290001,18.799999,18.799999,168100.0,2018-03-08T00:00:00
166,18.959999,19.389999,18.77,19.139999,19.139999,299500.0,2018-03-09T00:00:00
167,19.139999,19.59,19.08,19.58,19.58,222100.0,2018-03-12T00:00:00
168,19.719999,20.450001,19.58,20.35,20.35,1133500.0,2018-03-13T00:00:00
169,20.280001,20.450001,19.809999,20.24,20.24,349600.0,2018-03-14T00:00:00
170,20.27,20.35,19.76,19.790001,19.790001,282500.0,2018-03-15T00:00:00
171,19.83,20.0,19.809999,19.91,19.91,393400.0,2018-03-16T00:00:00
172,19.049999,19.620001,19.049999,19.57,19.57,321200.0,2018-03-19T00:00:00
173,19.6,20.01,19.08,19.440001,19.440001,162000.0,2018-03-20T00:00:00
174,19.4,19.67,19.15,19.51,19.51,113700.0,2018-03-21T00:00:00
175,19.299999,19.549999,19.1,19.120001,19.120001,196200.0,2018-03-22T00:00:00
176,19.120001,19.17,18.59,18.610001,18.610001,229500.0,2018-03-23T00:00:00
177,18.84,18.879999,18.290001,18.610001,18.610001,213800.0,2018-03-26T00:00:00
178,18.65,18.950001,18.4,18.469999,18.469999,190900.0,2018-03-27T00:00:00
179,18.459999,18.860001,18.35,18.469999,18.469999,215200.0,2018-03-28T00:00:00
180,18.549999,18.92,18.360001,18.75,18.75,156500.0,2018-03-29T00:00:00
181,18.65,18.860001,18.110001,18.24,18.24,222800.0,2018-04-02T00:00:00
182,18.34,18.73,18.280001,18.639999,18.639999,165400.0,2018-04-03T00:00:00
183,18.360001,19.08,18.360001,19.02,19.02,193200.0,2018-04-04T00:00:00
184,19.129999,19.440001,18.950001,19.139999,19.139999,148000.0,2018-04-05T00:00:00
185,19.110001,19.299999,18.860001,19.01,19.01,157700.0,2018-04-06T00:00:00
186,19.16,19.299999,18.84,18.879999,18.879999,114000.0,2018-04-09T00:00:00
187,19.049999,19.26,18.91,19.25,19.25,123800.0,2018-04-10T00:00:00
188,19.190001,19.440001,18.75,19.209999,19.209999,115900.0,2018-04-11T00:00:00
189,19.209999,19.290001,19.049999,19.049999,19.049999,91400.0,2018-04-12T00:00:00
190,19.1,19.1,18.540001,18.959999,18.959999,83300.0,2018-04-13T00:00:00
191,19.07,19.200001,18.85,19.18,19.18,74500.0,2018-04-16T00:00:00
192,19.34,19.68,19.030001,19.6,19.6,177300.0,2018-04-17T00:00:00
193,19.67,19.940001,19.52,19.559999,19.559999,119800.0,2018-04-18T00:00:00
194,19.51,19.719999,19.450001,19.48,19.48,57300.0,2018-04-19T00:00:00
195,19.43,19.610001,19.25,19.309999,19.309999,69600.0,2018-04-20T00:00:00
196,19.389999,19.459999,19.129999,19.33,19.33,81300.0,2018-04-23T00:00:00
197,19.43,19.6,19.07,19.25,19.25,70000.0,2018-04-24T00:00:00
198,19.26,19.370001,19.0,19.280001,19.280001,66600.0,2018-04-25T00:00:00
199,19.290001,19.389999,19.17,19.209999,19.209999,48900.0,2018-04-26T00:00:00
200,19.219999,19.299999,19.1,19.25,19.25,66000.0,2018-04-27T00:00:00
201,19.280001,19.42,19.09,19.09,19.09,74400.0,2018-04-30T00:00:00
202,19.07,19.17,18.709999,19.129999,19.129999,79000.0,2018-05-01T00:00:00
203,19.1,19.27,18.92,18.969999,18.969999,104600.0,2018-05-02T00:00:00
204,18.92,18.92,18.389999,18.5,18.5,136600.0,2018-05-03T00:00:00
205,18.48,18.91,18.469999,18.77,18.77,102300.0,2018-05-04T00:00:00
206,18.92,19.09,18.780001,18.98,18.98,82400.0,2018-05-07T00:00:00
207,18.93,19.25,18.85,19.209999,19.209999,79600.0,2018-05-08T00:00:00
208,19.209999,19.450001,18.99,19.43,19.43,137500.0,2018-05-09T00:00:00
209,18.5,18.5,14.4,14.63,14.63,1181600.0,2018-05-10T00:00:00
210,14.91,15.85,14.75,14.91,14.91,429400.0,2018-05-11T00:00:00
211,15.06,16.549999,15.01,16.120001,16.120001,389900.0,2018-05-14T00:00:00
212,16.5,16.51,15.53,15.57,15.57,333300.0,2018-05-15T00:00:00
213,15.56,16.139999,15.54,16.0,16.0,356200.0,2018-05-16T00:00:00
214,15.91,16.33,15.91,16.219999,16.219999,205300.0,2018-05-17T00:00:00
215,16.639999,16.809999,16.32,16.629999,16.629999,265100.0,2018-05-18T00:00:00
216,16.700001,16.700001,16.290001,16.57,16.57,137300.0,2018-05-21T00:00:00
217,16.57,16.92,16.57,16.639999,16.639999,136700.0,2018-05-22T00:00:00
218,16.540001,16.93,16.469999,16.59,16.59,125500.0,2018-05-23T00:00:00
219,16.58,16.9,16.51,16.559999,16.559999,202400.0,2018-05-24T00:00:00
220,16.34,16.59,15.98,16.0,16.0,458100.0,2018-05-25T00:00:00
221,16.0,16.16,15.78,16.1,16.1,436300.0,2018-05-29T00:00:00
222,16.15,16.4,15.82,15.91,15.91,1273700.0,2018-05-30T00:00:00
223,15.93,16.16,15.65,15.8,15.8,324400.0,2018-05-31T00:00:00
224,15.89,16.27,15.89,16.120001,16.120001,193800.0,2018-06-01T00:00:00
225,16.18,16.6,16.040001,16.52,16.52,284900.0,2018-06-04T00:00:00
226,16.5,16.860001,16.459999,16.65,16.65,171100.0,2018-06-05T00:00:00
227,16.68,17.15,16.540001,16.790001,16.790001,251900.0,2018-06-06T00:00:00
228,16.82,16.91,16.639999,16.690001,16.690001,109600.0,2018-06-07T00:00:00
229,16.719999,17.040001,16.629999,16.67,16.67,169200.0,2018-06-08T00:00:00
230,16.65,16.84,16.389999,16.59,16.59,197800.0,2018-06-11T00:00:00
231,16.59,16.940001,16.5,16.68,16.68,149100.0,2018-06-12T00:00:00
232,16.700001,16.940001,16.65,16.77,16.77,135600.0,2018-06-13T00:00:00
233,16.799999,17.01,16.700001,16.959999,16.959999,173000.0,2018-06-14T00:00:00
234,16.92,17.040001,16.82,16.879999,16.879999,293100.0,2018-06-15T00:00:00
235,16.83,16.950001,16.639999,16.84,16.84,152100.0,2018-06-18T00:00:00
236,16.73,17.219999,16.73,16.959999,16.959999,234200.0,2018-06-19T00:00:00
237,16.98,17.059999,16.48,16.5,16.5,319800.0,2018-06-20T00:00:00
238,16.540001,16.57,16.059999,16.1,16.1,236600.0,2018-06-21T00:00:00
239,16.15,16.16,15.76,15.77,15.77,995800.0,2018-06-22T00:00:00
240,15.83,15.86,15.47,15.55,15.55,238400.0,2018-06-25T00:00:00
241,15.56,15.98,15.5,15.87,15.87,150800.0,2018-06-26T00:00:00
242,15.82,16.01,15.54,15.55,15.55,170900.0,2018-06-27T00:00:00
243,15.54,15.68,15.37,15.5,15.5,107000.0,2018-06-28T00:00:00
244,15.54,15.7,15.17,15.26,15.26,249900.0,2018-06-29T00:00:00
245,15.13,15.44,15.04,15.39,15.39,326100.0,2018-07-02T00:00:00
246,15.41,15.97,15.41,15.76,15.76,164000.0,2018-07-03T00:00:00
247,15.81,16.41,15.37,16.34,16.34,184400.0,2018-07-05T00:00:00
248,16.32,16.57,16.299999,16.35,16.35,102600.0,2018-07-06T00:00:00
249,16.700001,16.950001,16.059999,16.799999,16.799999,158900.0,2018-07-09T00:00:00
250,16.790001,16.99,16.690001,16.91,16.91,166400.0,2018-07-10T00:00:00
251,16.85,17.0,16.559999,16.68,16.68,160100.0,2018-07-11T00:00:00
252,16.73,16.82,16.49,16.67,16.67,190400.0,2018-07-12T00:00:00
253,16.639999,16.77,16.51,16.530001,16.530001,228900.0,2018-07-13T00:00:00
254,16.5,16.5,16.07,16.209999,16.209999,121000.0,2018-07-16T00:00:00
255,16.190001,16.59,16.190001,16.42,16.42,85500.0,2018-07-17T00:00:00
256,16.43,16.639999,16.209999,16.370001,16.370001,98700.0,2018-07-18T00:00:00
257,16.299999,16.74,16.26,16.639999,16.639999,161400.0,2018-07-19T00:00:00
258,16.719999,16.950001,16.57,16.9,16.9,143700.0,2018-07-20T00:00:00
259,16.83,17.219999,16.83,17.129999,17.129999,139000.0,2018-07-23T00:00:00
260,17.190001,17.27,16.889999,17.17,17.17,142000.0,2018-07-24T00:00:00
261,17.15,17.290001,16.98,17.200001,17.200001,139700.0,2018-07-25T00:00:00
262,17.200001,17.58,17.1,17.43,17.43,133600.0,2018-07-26T00:00:00
263,17.4,17.42,17.049999,17.190001,17.190001,121300.0,2018-07-27T00:00:00
264,17.18,17.48,17.120001,17.129999,17.129999,77100.0,2018-07-30T00:00:00
265,17.17,17.540001,17.16,17.450001,17.450001,139000.0,2018-07-31T00:00:00
266,17.450001,17.49,17.110001,17.219999,17.219999,120800.0,2018-08-01T00:00:00
267,17.17,17.33,17.1,17.27,17.27,78600.0,2018-08-02T00:00:00
268,17.280001,17.42,17.209999,17.4,17.4,98300.0,2018-08-03T00:00:00
269,17.35,17.709999,17.299999,17.629999,17.629999,125300.0,2018-08-06T00:00:00
270,17.66,17.99,17.66,17.799999,17.799999,130200.0,2018-08-07T00:00:00
271,17.76,18.030001,17.690001,17.969999,17.969999,97600.0,2018-08-08T00:00:00
272,17.049999,17.889999,16.18,17.18,17.18,341900.0,2018-08-09T00:00:00
273,17.110001,17.5,17.07,17.32,17.32,147300.0,2018-08-10T00:00:00
274,17.370001,17.83,17.309999,17.629999,17.629999,159500.0,2018-08-13T00:00:00
275,17.610001,17.92,17.51,17.68,17.68,105600.0,2018-08-14T00:00:00
276,17.690001,17.77,17.25,17.5,17.5,129200.0,2018-08-15T00:00:00
277,17.530001,18.059999,17.450001,18.040001,18.040001,175600.0,2018-08-16T00:00:00
278,17.98,18.02,17.75,17.82,17.82,116000.0,2018-08-17T00:00:00
279,17.809999,18.049999,17.74,17.959999,17.959999,139700.0,2018-08-20T00:00:00
280,17.969999,18.25,17.91,18.219999,18.219999,195200.0,2018-08-21T00:00:00
281,18.23,18.66,18.219999,18.370001,18.370001,178200.0,2018-08-22T00:00:00
282,18.35,18.389999,18.049999,18.120001,18.120001,112300.0,2018-08-23T00:00:00
283,18.15,18.290001,17.870001,18.02,18.02,94000.0,2018-08-24T00:00:00
284,18.120001,18.129999,17.959999,18.030001,18.030001,100700.0,2018-08-27T00:00:00
285,18.02,18.120001,17.950001,18.09,18.09,100600.0,2018-08-28T00:00:00
286,18.120001,18.309999,18.09,18.27,18.27,69600.0,2018-08-29T00:00:00
287,18.190001,18.469999,18.190001,18.389999,18.389999,84700.0,2018-08-30T00:00:00
288,18.370001,19.0,18.34,18.98,18.98,298900.0,2018-08-31T00:00:00
289,18.91,19.33,18.75,19.280001,19.280001,244600.0,2018-09-04T00:00:00
290,19.290001,19.5,19.15,19.35,19.35,231300.0,2018-09-05T00:00:00
291,19.26,19.43,18.98,19.24,19.24,182500.0,2018-09-06T00:00:00
292,19.190001,19.389999,19.040001,19.27,19.27,164000.0,2018-09-07T00:00:00
293,19.25,19.35,19.16,19.190001,19.190001,108200.0,2018-09-10T00:00:00
294,19.200001,19.32,19.01,19.059999,19.059999,161500.0,2018-09-11T00:00:00
295,19.049999,19.1,18.299999,18.49,18.49,164700.0,2018-09-12T00:00:00
296,18.559999,18.68,18.280001,18.48,18.48,143200.0,2018-09-13T00:00:00
297,18.48,18.93,18.450001,18.889999,18.889999,159100.0,2018-09-14T00:00:00
298,18.9,18.9,18.24,18.35,18.35,142700.0,2018-09-17T00:00:00
299,18.360001,18.719999,18.200001,18.58,18.58,144000.0,2018-09-18T00:00:00
300,18.559999,18.76,18.43,18.700001,18.700001,123400.0,2018-09-19T00:00:00
301,18.75,19.07,18.75,19.059999,19.059999,123900.0,2018-09-20T00:00:00
302,19.1,19.18,18.84,19.18,19.18,586700.0,2018-09-21T00:00:00
303,19.120001,19.389999,18.879999,19.379999,19.379999,104400.0,2018-09-24T00:00:00
304,19.4,19.43,19.219999,19.24,19.24,69100.0,2018-09-25T00:00:00
305,19.290001,19.41,18.91,19.24,19.24,238500.0,2018-09-26T00:00:00
306,19.23,19.379999,19.0,19.129999,19.129999,120400.0,2018-09-27T00:00:00
307,19.07,19.299999,19.07,19.24,19.24,169200.0,2018-09-28T00:00:00
308,19.26,19.66,19.139999,19.26,19.26,246900.0,2018-10-01T00:00:00
309,19.25,19.299999,18.969999,19.07,19.07,152200.0,2018-10-02T00:00:00
310,19.120001,19.48,19.01,19.25,19.25,164800.0,2018-10-03T00:00:00
311,19.209999,19.389999,18.940001,19.09,19.09,102600.0,2018-10-04T00:00:00
312,19.049999,19.059999,18.6,18.77,18.77,135200.0,2018-10-05T00:00:00
313,18.73,19.049999,18.68,18.85,18.85,82000.0,2018-10-08T00:00:00
314,18.809999,19.200001,18.780001,19.02,19.02,128600.0,2018-10-09T00:00:00
315,19.02,19.24,18.68,18.700001,18.700001,128200.0,2018-10-10T00:00:00
316,18.6,18.709999,18.120001,18.15,18.15,130200.0,2018-10-11T00:00:00
317,18.33,18.5,18.01,18.059999,18.059999,132500.0,2018-10-12T00:00:00
318,18.120001,18.4,18.01,18.18,18.18,77900.0,2018-10-15T00:00:00
319,18.27,18.67,18.110001,18.629999,18.629999,110100.0,2018-10-16T00:00:00
320,18.58,18.950001,18.450001,18.870001,18.870001,83900.0,2018-10-17T00:00:00
321,18.860001,18.950001,18.67,18.73,18.73,77500.0,2018-10-18T00:00:00
322,18.74,18.950001,18.440001,18.530001,18.530001,119200.0,2018-10-19T00:00:00
323,18.540001,18.6,18.040001,18.24,18.24,120300.0,2018-10-22T00:00:00
324,18.01,18.42,17.76,18.23,18.23,141100.0,2018-10-23T00:00:00
325,18.219999,18.469999,17.709999,17.719999,17.719999,113600.0,2018-10-24T00:00:00
326,17.709999,18.17,17.709999,17.969999,17.969999,107300.0,2018-10-25T00:00:00
327,17.84,18.379999,17.73,18.290001,18.290001,114600.0,2018-10-26T00:00:00
328,18.49,18.690001,17.940001,18.08,18.08,100500.0,2018-10-29T00:00:00
329,18.07,18.379999,17.9,18.26,18.26,89700.0,2018-10-30T00:00:00
330,18.389999,18.43,17.92,17.950001,17.950001,117600.0,2018-10-31T00:00:00
331,18.02,18.5,17.93,18.440001,18.440001,144000.0,2018-11-01T00:00:00
332,18.639999,18.92,18.48,18.77,18.77,149100.0,2018-11-02T00:00:00
333,18.780001,18.959999,18.610001,18.950001,18.950001,135600.0,2018-11-05T00:00:00
334,18.940001,19.33,18.77,19.23,19.23,144200.0,2018-11-06T00:00:00
335,19.290001,19.5,19.09,19.25,19.25,144300.0,2018-11-07T00:00:00
336,19.6,20.99,19.49,20.709999,20.709999,842400.0,2018-11-08T00:00:00
337,20.799999,21.65,20.4,21.59,21.59,735300.0,2018-11-09T00:00:00
338,21.16,21.290001,20.040001,21.0,21.0,242200.0,2018-11-12T00:00:00
339,21.0,21.52,20.809999,21.209999,21.209999,267100.0,2018-11-13T00:00:00
340,21.190001,21.200001,20.110001,20.129999,20.129999,224200.0,2018-11-14T00:00:00
341,20.09,21.07,19.879999,20.92,20.92,200700.0,2018-11-15T00:00:00
342,20.76,21.6,20.389999,20.67,20.67,510700.0,2018-11-16T00:00:00
343,20.57,20.610001,19.82,20.51,20.51,195800.0,2018-11-19T00:00:00
344,20.27,20.620001,19.99,20.07,20.07,164900.0,2018-11-20T00:00:00
345,20.08,20.299999,19.93,20.0,20.0,98900.0,2018-11-21T00:00:00
346,19.84,20.440001,19.84,20.15,20.15,62200.0,2018-11-23T00:00:00
347,20.200001,20.360001,19.540001,19.610001,19.610001,167900.0,2018-11-26T00:00:00
348,19.51,19.780001,19.219999,19.65,19.65,156100.0,2018-11-27T00:00:00
349,19.799999,20.57,19.690001,20.530001,20.530001,193200.0,2018-11-28T00:00:00
350,20.389999,20.690001,20.09,20.360001,20.360001,133800.0,2018-11-29T00:00:00
351,20.93,21.75,20.73,21.719999,21.719999,663700.0,2018-11-30T00:00:00
352,21.790001,22.52,21.75,22.51,22.51,746600.0,2018-12-03T00:00:00
353,22.370001,22.74,21.379999,21.469999,21.469999,1232100.0,2018-12-04T00:00:00
354,21.23,21.75,20.76,21.719999,21.719999,401800.0,2018-12-06T00:00:00
355,21.68,22.26,21.59,21.99,21.99,248400.0,2018-12-07T00:00:00
356,21.959999,22.129999,21.110001,22.0,22.0,282700.0,2018-12-10T00:00:00
357,22.27,22.27,21.049999,21.25,21.25,294600.0,2018-12-11T00:00:00
358,21.469999,21.559999,20.93,21.110001,21.110001,184700.0,2018-12-12T00:00:00
359,21.200001,21.299999,20.83,20.9,20.9,151800.0,2018-12-13T00:00:00
360,20.67,20.98,20.219999,20.32,20.32,175200.0,2018-12-14T00:00:00
361,20.280001,20.469999,19.940001,20.040001,20.040001,303100.0,2018-12-17T00:00:00
362,20.0,20.42,19.870001,19.940001,19.940001,217200.0,2018-12-18T00:00:00
363,19.969999,21.16,19.85,20.74,20.74,479500.0,2018-12-19T00:00:00
364,20.73,20.85,19.59,20.08,20.08,320700.0,2018-12-20T00:00:00
365,20.110001,20.41,19.6,19.639999,19.639999,880600.0,2018-12-21T00:00:00
366,19.66,19.709999,19.040001,19.040001,19.040001,134900.0,2018-12-24T00:00:00
367,19.299999,19.860001,18.889999,19.82,19.82,195600.0,2018-12-26T00:00:00
368,19.530001,19.99,19.200001,19.959999,19.959999,266700.0,2018-12-27T00:00:00
369,20.01,20.469999,19.9,20.040001,20.040001,211900.0,2018-12-28T00:00:00
370,20.18,20.18,19.67,19.9,19.9,150400.0,2018-12-31T00:00:00
371,19.65,19.98,19.32,19.76,19.76,188100.0,2019-01-02T00:00:00
372,20.0,20.0,19.35,19.459999,19.459999,201900.0,2019-01-03T00:00:00
373,19.879999,20.709999,19.84,20.629999,20.629999,261300.0,2019-01-04T00:00:00
374,20.809999,21.09,20.6,20.74,20.74,187700.0,2019-01-07T00:00:00
375,20.959999,21.15,20.549999,20.9,20.9,208800.0,2019-01-08T00:00:00
376,21.0,21.870001,21.0,21.4,21.4,261700.0,2019-01-09T00:00:00
377,21.33,21.950001,21.26,21.940001,21.940001,192000.0,2019-01-10T00:00:00
378,21.92,22.18,21.719999,22.110001,22.110001,249200.0,2019-01-11T00:00:00
379,22.040001,22.040001,21.280001,21.309999,21.309999,156300.0,2019-01-14T00:00:00
380,21.35,22.0,21.35,21.879999,21.879999,110900.0,2019-01-15T00:00:00
381,21.9,22.309999,21.719999,21.780001,21.780001,111700.0,2019-01-16T00:00:00
382,21.709999,22.34,21.709999,22.08,22.08,171200.0,2019-01-17T00:00:00
383,22.129999,22.209999,21.790001,21.940001,21.940001,105100.0,2019-01-18T00:00:00
384,21.76,22.5,21.76,22.389999,22.389999,232200.0,2019-01-22T00:00:00
385,22.48,22.98,21.93,22.6,22.6,288600.0,2019-01-23T00:00:00
386,22.6,22.6,21.959999,22.02,22.02,94600.0,2019-01-24T00:00:00
387,22.139999,22.459999,21.83,22.4,22.4,107500.0,2019-01-25T00:00:00
388,22.290001,22.290001,21.780001,21.879999,21.879999,107000.0,2019-01-28T00:00:00
389,21.91,22.190001,21.84,22.08,22.08,62800.0,2019-01-29T00:00:00
390,22.110001,22.35,22.01,22.24,22.24,89000.0,2019-01-30T00:00:00
391,22.200001,22.889999,22.190001,22.76,22.76,171400.0,2019-01-31T00:00:00
392,22.719999,22.85,22.389999,22.5,22.5,100000.0,2019-02-01T00:00:00
393,22.559999,22.790001,22.26,22.790001,22.790001,142600.0,2019-02-04T00:00:00
394,22.860001,23.4,22.860001,23.15,23.15,164600.0,2019-02-05T00:00:00
395,23.129999,23.379999,22.84,22.959999,22.959999,99900.0,2019-02-06T00:00:00
396,22.9,23.07,22.65,22.870001,22.870001,73900.0,2019-02-07T00:00:00
397,22.66,23.1,22.66,22.959999,22.959999,117500.0,2019-02-08T00:00:00
398,23.08,23.35,22.799999,23.35,23.35,114700.0,2019-02-11T00:00:00
399,23.379999,23.870001,23.209999,23.860001,23.860001,263900.0,2019-02-12T00:00:00
400,23.799999,23.91,23.68,23.83,23.83,71400.0,2019-02-13T00:00:00
401,23.860001,24.190001,23.83,23.85,23.85,170400.0,2019-02-14T00:00:00
402,23.860001,24.469999,23.65,24.379999,24.379999,197800.0,2019-02-15T00:00:00
403,24.4,24.49,24.040001,24.309999,24.309999,104900.0,2019-02-19T00:00:00
404,24.290001,24.629999,24.110001,24.610001,24.610001,244300.0,2019-02-20T00:00:00
405,24.57,24.620001,24.08,24.190001,24.190001,104600.0,2019-02-21T00:00:00
406,23.93,24.290001,23.76,24.139999,24.139999,159400.0,2019-02-22T00:00:00
407,24.139999,24.26,23.799999,23.9,23.9,163200.0,2019-02-25T00:00:00
408,23.780001,24.32,23.73,24.18,24.18,390700.0,2019-02-26T00:00:00
409,24.139999,24.59,23.959999,24.51,24.51,160800.0,2019-02-27T00:00:00
410,24.379999,24.9,24.379999,24.85,24.85,263500.0,2019-02-28T00:00:00
411,24.950001,25.34,24.66,25.280001,25.280001,355700.0,2019-03-01T00:00:00
412,25.32,25.43,24.629999,24.73,24.73,255600.0,2019-03-04T00:00:00
413,24.76,25.129999,24.4,24.73,24.73,100500.0,2019-03-05T00:00:00
414,24.77,24.77,24.049999,24.17,24.17,161100.0,2019-03-06T00:00:00
415,24.1,24.440001,23.709999,23.83,23.83,196900.0,2019-03-07T00:00:00
416,23.700001,24.0,23.65,23.809999,23.809999,117900.0,2019-03-08T00:00:00
417,23.790001,24.01,23.389999,23.719999,23.719999,191700.0,2019-03-11T00:00:00
418,23.74,24.4,23.610001,24.17,24.17,140500.0,2019-03-12T00:00:00
419,21.5,22.540001,20.35,20.68,20.68,1099000.0,2019-03-13T00:00:00
420,20.639999,20.700001,19.700001,20.5,20.5,398400.0,2019-03-14T00:00:00
421,20.549999,20.799999,20.120001,20.23,20.23,663700.0,2019-03-15T00:00:00
422,20.23,20.57,20.23,20.370001,20.370001,258300.0,2019-03-18T00:00:00
423,20.57,20.76,20.49,20.610001,20.610001,206000.0,2019-03-19T00:00:00
424,20.620001,21.24,20.440001,20.940001,20.940001,346300.0,2019-03-20T00:00:00
425,20.76,21.27,20.719999,20.809999,20.809999,195500.0,2019-03-21T00:00:00
426,20.76,21.0,20.030001,20.16,20.16,257100.0,2019-03-22T00:00:00
427,20.16,20.73,20.139999,20.440001,20.440001,133000.0,2019-03-25T00:00:00
428,20.530001,20.84,20.49,20.540001,20.540001,106500.0,2019-03-26T00:00:00
429,20.52,20.77,20.32,20.52,20.52,116800.0,2019-03-27T00:00:00
430,20.58,20.700001,20.4,20.440001,20.440001,128100.0,2019-03-28T00:00:00
431,20.43,20.610001,20.360001,20.43,20.43,164000.0,2019-03-29T00:00:00
432,20.559999,21.059999,20.42,21.049999,21.049999,311800.0,2019-04-01T00:00:00
433,21.049999,21.68,21.049999,21.34,21.34,166100.0,2019-04-02T00:00:00
434,21.370001,21.57,20.77,20.9,20.9,142100.0,2019-04-03T00:00:00
435,20.91,21.389999,20.719999,21.309999,21.309999,132700.0,2019-04-04T00:00:00
436,21.379999,21.68,21.299999,21.389999,21.389999,372100.0,2019-04-05T00:00:00
437,21.309999,21.379999,21.08,21.35,21.35,79600.0,2019-04-08T00:00:00
438,21.23,21.290001,20.940001,20.950001,20.950001,115000.0,2019-04-09T00:00:00
439,21.030001,21.17,20.82,21.040001,21.040001,128200.0,2019-04-10T00:00:00
440,21.040001,21.299999,20.719999,20.969999,20.969999,86700.0,2019-04-11T00:00:00
441,20.950001,21.219999,20.639999,20.719999,20.719999,99500.0,2019-04-12T00:00:00
442,20.709999,20.83,20.52,20.799999,20.799999,87600.0,2019-04-15T00:00:00
443,20.889999,20.98,20.49,20.58,20.58,90000.0,2019-04-16T00:00:00
444,20.610001,20.65,19.620001,19.92,19.92,228700.0,2019-04-17T00:00:00
445,19.799999,20.27,19.799999,20.16,20.16,105900.0,2019-04-18T00:00:00
446,20.08,20.48,20.08,20.450001,20.450001,155300.0,2019-04-22T00:00:00
447,20.49,20.99,20.48,20.799999,20.799999,102500.0,2019-04-23T00:00:00
448,20.790001,21.049999,20.6,20.809999,20.809999,75100.0,2019-04-24T00:00:00
449,20.809999,21.440001,20.719999,21.33,21.33,100400.0,2019-04-25T00:00:00
450,21.35,21.709999,21.059999,21.59,21.59,121900.0,2019-04-26T00:00:00
451,21.65,21.84,21.5,21.77,21.77,99200.0,2019-04-29T00:00:00
452,21.860001,21.860001,21.219999,21.59,21.59,137100.0,2019-04-30T00:00:00
453,21.58,22.040001,21.43,21.65,21.65,334500.0,2019-05-01T00:00:00
454,21.59,21.93,21.48,21.92,21.92,88700.0,2019-05-02T00:00:00
455,21.92,22.379999,21.92,22.35,22.35,141500.0,2019-05-03T00:00:00
456,22.110001,23.059999,22.110001,22.959999,22.959999,197300.0,2019-05-06T00:00:00
457,22.809999,22.809999,22.129999,22.290001,22.290001,154000.0,2019-05-07T00:00:00
458,22.360001,22.77,22.07,22.51,22.51,126200.0,2019-05-08T00:00:00
459,22.43,22.85,22.110001,22.629999,22.629999,134900.0,2019-05-09T00:00:00
460,22.639999,22.92,22.110001,22.41,22.41,188200.0,2019-05-10T00:00:00
461,22.030001,22.139999,20.77,20.879999,20.879999,235700.0,2019-05-13T00:00:00
462,20.92,21.17,20.57,21.01,21.01,127800.0,2019-05-14T00:00:00
463,20.84,21.290001,20.780001,21.209999,21.209999,92800.0,2019-05-15T00:00:00
464,21.469999,22.790001,21.469999,22.280001,22.280001,248200.0,2019-05-16T00:00:00
465,22.209999,22.370001,21.91,21.92,21.92,115600.0,2019-05-17T00:00:00
466,21.92,21.92,21.280001,21.32,21.32,125400.0,2019-05-20T00:00:00
467,21.4,21.66,21.129999,21.469999,21.469999,89400.0,2019-05-21T00:00:00
468,21.469999,21.610001,21.0,21.17,21.17,89900.0,2019-05-22T00:00:00
469,21.01,21.24,20.620001,20.9,20.9,144700.0,2019-05-23T00:00:00
470,21.110001,21.34,20.870001,21.209999,21.209999,97700.0,2019-05-24T00:00:00
471,21.190001,21.32,20.48,20.5,20.5,149100.0,2019-05-28T00:00:00
472,20.43,20.549999,19.860001,20.18,20.18,134700.0,2019-05-29T00:00:00
473,20.27,20.440001,19.719999,19.870001,19.870001,114400.0,2019-05-30T00:00:00
474,19.65,19.799999,18.950001,19.25,19.25,405400.0,2019-05-31T00:00:00
475,19.299999,19.51,18.610001,18.92,18.92,308700.0,2019-06-03T00:00:00
476,18.99,19.74,18.6,19.65,19.65,910200.0,2019-06-04T00:00:00
477,19.799999,19.860001,19.34,19.709999,19.709999,253200.0,2019-06-05T00:00:00
478,19.73,20.200001,19.709999,20.110001,20.110001,249500.0,2019-06-06T00:00:00
479,20.049999,20.209999,19.889999,20.110001,20.110001,318200.0,2019-06-07T00:00:00
480,20.120001,20.290001,20.049999,20.17,20.17,141700.0,2019-06-10T00:00:00
481,20.25,20.35,19.49,19.549999,19.549999,141800.0,2019-06-11T00:00:00
482,19.440001,20.07,19.440001,20.030001,20.030001,140700.0,2019-06-12T00:00:00
483,20.08,20.139999,19.719999,20.0,20.0,129700.0,2019-06-13T00:00:00
484,19.969999,20.049999,19.75,19.82,19.82,99300.0,2019-06-14T00:00:00
485,19.940001,20.65,19.9,20.27,20.27,173800.0,2019-06-17T00:00:00
486,20.4,21.1,20.4,20.559999,20.559999,100200.0,2019-06-18T00:00:00
487,20.6,20.84,20.5,20.82,20.82,84300.0,2019-06-19T00:00:00
488,20.98,21.299999,20.74,20.809999,20.809999,85200.0,2019-06-20T00:00:00
489,20.700001,20.76,20.309999,20.639999,20.639999,217900.0,2019-06-21T00:00:00
490,20.629999,20.83,20.17,20.219999,20.219999,183300.0,2019-06-24T00:00:00
491,20.360001,20.73,20.309999,20.469999,20.469999,127900.0,2019-06-25T00:00:00
492,20.49,20.65,20.190001,20.43,20.43,145400.0,2019-06-26T00:00:00
493,20.51,20.860001,20.51,20.85,20.85,106800.0,2019-06-27T00:00:00
494,20.83,21.209999,20.77,21.110001,21.110001,1012200.0,2019-06-28T00:00:00
495,21.34,21.57,20.9,21.43,21.43,212200.0,2019-07-01T00:00:00
496,21.41,21.49,20.75,21.08,21.08,201000.0,2019-07-02T00:00:00
497,21.15,21.219999,20.540001,21.129999,21.129999,79800.0,2019-07-03T00:00:00
498,21.059999,21.1,20.75,20.879999,20.879999,87700.0,2019-07-05T00:00:00
499,20.809999,20.860001,20.16,20.33,20.33,185800.0,2019-07-08T00:00:00
500,20.24,20.58,19.610001,20.290001,20.290001,129800.0,2019-07-09T00:00:00
501,20.34,20.48,20.15,20.42,20.42,119800.0,2019-07-10T00:00:00
502,20.4,20.4,19.690001,20.01,20.01,105500.0,2019-07-11T00:00:00
503,19.969999,20.32,19.93,20.200001,20.200001,132400.0,2019-07-12T00:00:00
504,20.040001,20.27,20.0,20.190001,20.190001,70600.0,2019-07-15T00:00:00
505,20.18,20.51,20.08,20.09,20.09,142300.0,2019-07-16T00:00:00
506,20.110001,20.110001,19.780001,20.030001,20.030001,81300.0,2019-07-17T00:00:00
507,20.0,20.120001,19.83,19.950001,19.950001,91200.0,2019-07-18T00:00:00
508,19.879999,19.940001,19.360001,19.379999,19.379999,141600.0,2019-07-19T00:00:00
509,19.4,19.530001,19.219999,19.23,19.23,99200.0,2019-07-22T00:00:00
510,19.299999,19.34,19.0,19.120001,19.120001,149100.0,2019-07-23T00:00:00
511,19.030001,19.57,18.66,19.559999,19.559999,252300.0,2019-07-24T00:00:00
512,19.629999,19.889999,19.07,19.809999,19.809999,199700.0,2019-07-25T00:00:00
513,19.84,19.91,19.48,19.719999,19.719999,160400.0,2019-07-26T00:00:00
514,19.790001,19.950001,19.620001,19.91,19.91,112300.0,2019-07-29T00:00:00
515,19.879999,20.42,19.700001,20.32,20.32,209200.0,2019-07-30T00:00:00
516,20.360001,20.610001,20.059999,20.15,20.15,213000.0,2019-07-31T00:00:00
517,20.120001,20.43,19.780001,20.07,20.07,178600.0,2019-08-01T00:00:00
518,19.99,20.110001,19.5,19.870001,19.870001,140600.0,2019-08-02T00:00:00
519,19.530001,20.24,19.09,19.360001,19.360001,146300.0,2019-08-05T00:00:00
520,19.51,19.709999,19.18,19.57,19.57,134400.0,2019-08-06T00:00:00
521,19.219999,19.85,19.1,19.690001,19.690001,135300.0,2019-08-07T00:00:00
522,20.98,21.17,19.719999,21.07,21.07,294900.0,2019-08-08T00:00:00
523,20.83,21.09,20.389999,20.639999,20.639999,210200.0,2019-08-09T00:00:00
524,20.620001,20.66,20.07,20.639999,20.639999,224000.0,2019-08-12T00:00:00
525,20.6,21.190001,20.6,20.85,20.85,169100.0,2019-08-13T00:00:00
526,20.68,20.92,20.35,20.85,20.85,274400.0,2019-08-14T00:00:00
527,20.93,21.18,20.629999,20.9,20.9,222500.0,2019-08-15T00:00:00
528,21.139999,21.52,20.76,21.379999,21.379999,294600.0,2019-08-16T00:00:00
529,21.51,22.200001,21.450001,22.110001,22.110001,280800.0,2019-08-19T00:00:00
530,21.91,22.290001,21.91,22.190001,22.190001,303400.0,2019-08-20T00:00:00
531,22.32,22.629999,22.209999,22.620001,22.620001,210300.0,2019-08-21T00:00:00
532,22.68,22.68,22.190001,22.559999,22.559999,191300.0,2019-08-22T00:00:00
533,22.559999,22.68,22.129999,22.24,22.24,261300.0,2019-08-23T00:00:00
534,22.379999,22.85,22.18,22.5,22.5,194300.0,2019-08-26T00:00:00
535,22.549999,22.74,21.84,21.85,21.85,166200.0,2019-08-27T00:00:00
536,21.91,22.0,21.6,21.690001,21.690001,141500.0,2019-08-28T00:00:00
537,21.879999,22.059999,21.84,22.0,22.0,101300.0,2019-08-29T00:00:00
538,22.32,22.58,22.16,22.459999,22.459999,377500.0,2019-08-30T00:00:00
539,22.280001,22.700001,21.85,21.950001,21.950001,403700.0,2019-09-03T00:00:00
540,22.17,22.32,21.59,21.719999,21.719999,792000.0,2019-09-04T00:00:00
541,21.92,21.92,21.02,21.24,21.24,378000.0,2019-09-05T00:00:00
542,21.360001,22.02,21.27,21.620001,21.620001,230000.0,2019-09-06T00:00:00
543,21.75,21.75,21.040001,21.290001,21.290001,179000.0,2019-09-09T00:00:00
544,21.219999,21.98,20.799999,21.950001,21.950001,284600.0,2019-09-10T00:00:00
545,21.99,22.280001,21.82,22.15,22.15,209500.0,2019-09-11T00:00:00
546,20.9,21.75,20.870001,21.620001,21.620001,262500.0,2019-09-12T00:00:00
547,21.719999,21.98,21.360001,21.52,21.52,181000.0,2019-09-13T00:00:00
548,21.49,22.030001,21.450001,21.809999,21.809999,248500.0,2019-09-16T00:00:00
549,21.809999,22.01,21.58,21.74,21.74,176900.0,2019-09-17T00:00:00
550,21.75,21.76,21.1,21.219999,21.219999,192200.0,2019-09-18T00:00:00
551,21.23,21.450001,20.959999,20.969999,20.969999,180600.0,2019-09-19T00:00:00
552,21.01,21.209999,20.57,20.73,20.73,733200.0,2019-09-20T00:00:00
553,20.65,20.870001,20.35,20.43,20.43,186700.0,2019-09-23T00:00:00
554,20.530001,20.629999,20.18,20.23,20.23,202000.0,2019-09-24T00:00:00
555,20.27,20.66,20.02,20.4,20.4,338700.0,2019-09-25T00:00:00
556,20.41,20.6,19.93,20.059999,20.059999,162000.0,2019-09-26T00:00:00
557,20.18,20.459999,19.98,20.219999,20.219999,149000.0,2019-09-27T00:00:00
558,20.34,20.450001,19.809999,19.83,19.83,231800.0,2019-09-30T00:00:00
559,19.870001,20.18,19.6,19.65,19.65,169400.0,2019-10-01T00:00:00
560,19.6,19.629999,19.200001,19.23,19.23,177800.0,2019-10-02T00:00:00
561,19.209999,19.700001,19.02,19.610001,19.610001,147000.0,2019-10-03T00:00:00
562,19.639999,19.91,19.34,19.790001,19.790001,111200.0,2019-10-04T00:00:00
563,19.74,20.07,19.700001,19.92,19.92,150900.0,2019-10-07T00:00:00
564,19.790001,20.0,19.59,19.75,19.75,122000.0,2019-10-08T00:00:00
565,19.870001,19.98,19.58,19.67,19.67,130200.0,2019-10-09T00:00:00
566,19.690001,19.77,19.469999,19.58,19.58,108000.0,2019-10-10T00:00:00
567,19.780001,20.1,19.59,19.77,19.77,146500.0,2019-10-11T00:00:00
568,19.780001,20.360001,19.700001,20.16,20.16,173700.0,2019-10-14T00:00:00
569,20.18,20.809999,20.18,20.459999,20.459999,172900.0,2019-10-15T00:00:00
570,20.440001,20.889999,20.41,20.639999,20.639999,136200.0,2019-10-16T00:00:00
571,20.74,20.860001,20.459999,20.52,20.52,154900.0,2019-10-17T00:00:00
572,20.41,20.709999,19.91,19.93,19.93,220500.0,2019-10-18T00:00:00
573,20.01,20.120001,19.700001,19.99,19.99,171700.0,2019-10-21T00:00:00
574,20.030001,20.200001,19.889999,19.959999,19.959999,110400.0,2019-10-22T00:00:00
575,19.91,20.1,19.799999,19.950001,19.950001,202800.0,2019-10-23T00:00:00
576,19.959999,20.0,19.5,19.530001,19.530001,115400.0,2019-10-24T00:00:00
577,19.43,19.719999,19.43,19.52,19.52,129100.0,2019-10-25T00:00:00
578,19.52,19.98,19.52,19.65,19.65,134600.0,2019-10-28T00:00:00
579,19.690001,20.280001,19.48,19.959999,19.959999,243700.0,2019-10-29T00:00:00
580,19.99,20.030001,19.6,19.639999,19.639999,158800.0,2019-10-30T00:00:00
581,19.530001,19.67,19.23,19.32,19.32,225100.0,2019-10-31T00:00:00
582,19.4,19.719999,19.299999,19.559999,19.559999,228800.0,2019-11-01T00:00:00
583,19.67,19.74,19.35,19.379999,19.379999,145700.0,2019-11-04T00:00:00
584,19.440001,19.709999,19.42,19.440001,19.440001,138900.0,2019-11-05T00:00:00
585,19.41,19.559999,19.01,19.08,19.08,155400.0,2019-11-06T00:00:00
586,19.200001,19.389999,19.02,19.120001,19.120001,128800.0,2019-11-07T00:00:00
587,19.1,19.42,16.92,18.41,18.41,600800.0,2019-11-08T00:00:00
588,18.190001,18.190001,17.08,17.35,17.35,298600.0,2019-11-11T00:00:00
589,17.370001,17.799999,16.709999,17.629999,17.629999,383800.0,2019-11-12T00:00:00
590,17.4,17.639999,17.219999,17.25,17.25,207100.0,2019-11-13T00:00:00
591,17.200001,17.200001,16.92,17.07,17.07,179600.0,2019-11-14T00:00:00
592,17.139999,17.33,16.92,17.219999,17.219999,172900.0,2019-11-15T00:00:00
593,17.23,17.6,17.219999,17.58,17.58,215900.0,2019-11-18T00:00:00
594,17.559999,18.26,17.52,18.25,18.25,297600.0,2019-11-19T00:00:00
595,18.040001,18.459999,17.93,18.07,18.07,328300.0,2019-11-20T00:00:00
596,18.120001,18.16,17.809999,18.040001,18.040001,154600.0,2019-11-21T00:00:00
597,18.09,18.34,18.0,18.01,18.01,222600.0,2019-11-22T00:00:00
598,18.139999,18.85,18.139999,18.74,18.74,224400.0,2019-11-25T00:00:00
599,18.690001,18.889999,18.17,18.27,18.27,181000.0,2019-11-26T00:00:00
600,18.360001,18.690001,18.309999,18.639999,18.639999,103600.0,2019-11-27T00:00:00
601,18.969999,19.629999,18.93,19.51,19.51,361700.0,2019-11-29T00:00:00
602,19.49,19.57,19.02,19.040001,19.040001,285900.0,2019-12-02T00:00:00
603,18.9,19.17,18.68,19.030001,19.030001,948300.0,2019-12-03T00:00:00
604,19.129999,19.290001,18.75,18.98,18.98,258100.0,2019-12-04T00:00:00
605,18.98,19.139999,18.76,19.030001,19.030001,330300.0,2019-12-05T00:00:00
606,19.040001,19.26,18.77,18.92,18.92,311300.0,2019-12-06T00:00:00
607,18.93,19.24,18.629999,19.15,19.15,252800.0,2019-12-09T00:00:00
608,19.16,19.27,18.940001,19.200001,19.200001,119800.0,2019-12-10T00:00:00
609,19.17,19.459999,19.16,19.379999,19.379999,136400.0,2019-12-11T00:00:00
610,19.389999,19.799999,19.389999,19.48,19.48,221400.0,2019-12-12T00:00:00
611,19.52,19.59,19.290001,19.33,19.33,156800.0,2019-12-13T00:00:00
612,19.49,19.76,19.309999,19.34,19.34,209800.0,2019-12-16T00:00:00
613,19.379999,19.43,19.200001,19.370001,19.370001,98900.0,2019-12-17T00:00:00
614,19.389999,19.43,19.049999,19.120001,19.120001,176900.0,2019-12-18T00:00:00
615,19.129999,19.67,18.940001,19.620001,19.620001,150100.0,2019-12-19T00:00:00
616,19.68,19.790001,19.469999,19.620001,19.620001,1077800.0,2019-12-20T00:00:00
617,19.639999,19.690001,19.41,19.450001,19.450001,178000.0,2019-12-23T00:00:00
618,19.51,19.66,19.370001,19.639999,19.639999,64700.0,2019-12-24T00:00:00
619,19.629999,19.77,19.4,19.450001,19.450001,100200.0,2019-12-26T00:00:00
620,19.52,19.65,19.139999,19.200001,19.200001,116800.0,2019-12-27T00:00:00
621,19.23,19.389999,19.1,19.219999,19.219999,121200.0,2019-12-30T00:00:00
622,19.16,19.389999,19.09,19.290001,19.290001,221600.0,2019-12-31T00:00:00
623,19.440001,19.5,19.049999,19.35,19.35,143700.0,2020-01-02T00:00:00
624,19.110001,19.190001,18.870001,18.889999,18.889999,212500.0,2020-01-03T00:00:00
625,18.809999,18.809999,18.32,18.540001,18.540001,181700.0,2020-01-06T00:00:00
626,18.51,18.58,18.24,18.42,18.42,127700.0,2020-01-07T00:00:00
627,18.440001,18.690001,18.18,18.610001,18.610001,236000.0,2020-01-08T00:00:00
628,18.790001,18.969999,18.68,18.709999,18.709999,175400.0,2020-01-09T00:00:00
629,18.709999,18.889999,18.58,18.66,18.66,152200.0,2020-01-10T00:00:00
630,18.629999,18.809999,18.379999,18.790001,18.790001,170500.0,2020-01-13T00:00:00
631,18.690001,19.25,18.65,19.07,19.07,305500.0,2020-01-14T00:00:00
632,19.07,20.18,19.07,20.030001,20.030001,280000.0,2020-01-15T00:00:00
633,19.9,20.4,19.9,20.08,20.08,164900.0,2020-01-16T00:00:00
634,20.24,20.24,19.940001,20.08,20.08,225900.0,2020-01-17T00:00:00
635,19.959999,20.299999,19.93,19.99,19.99,158100.0,2020-01-21T00:00:00
636,20.17,20.200001,19.92,20.0,20.0,117400.0,2020-01-22T00:00:00
637,20.030001,20.1,19.870001,20.07,20.07,327900.0,2020-01-23T00:00:00
638,20.07,20.07,19.49,19.639999,19.639999,275600.0,2020-01-24T00:00:00
639,19.32,19.84,19.32,19.68,19.68,160300.0,2020-01-27T00:00:00
640,19.780001,19.99,19.629999,19.719999,19.719999,171400.0,2020-01-28T00:00:00
641,19.700001,20.08,19.690001,19.959999,19.959999,198800.0,2020-01-29T00:00:00
642,19.82,19.99,19.23,19.34,19.34,203400.0,2020-01-30T00:00:00
643,19.27,19.41,18.75,18.91,18.91,248400.0,2020-01-31T00:00:00
644,19.02,19.25,18.99,19.120001,19.120001,182100.0,2020-02-03T00:00:00
645,19.26,19.42,19.219999,19.26,19.26,170800.0,2020-02-04T00:00:00
646,19.360001,19.83,19.35,19.6,19.6,135900.0,2020-02-05T00:00:00
647,19.66,20.0,19.58,19.950001,19.950001,170600.0,2020-02-06T00:00:00
648,19.91,20.01,19.790001,19.92,19.92,131000.0,2020-02-07T00:00:00
649,19.9,20.120001,19.84,19.860001,19.860001,109300.0,2020-02-10T00:00:00
650,19.92,20.190001,19.85,19.969999,19.969999,116500.0,2020-02-11T00:00:00
651,20.059999,20.059999,19.870001,19.99,19.99,177200.0,2020-02-12T00:00:00
652,19.92,20.030001,19.280001,19.290001,19.290001,171400.0,2020-02-13T00:00:00
653,19.290001,19.290001,19.059999,19.17,19.17,145200.0,2020-02-14T00:00:00
654,19.08,19.200001,18.700001,18.809999,18.809999,281100.0,2020-02-18T00:00:00
655,18.82,19.040001,18.709999,19.02,19.02,157900.0,2020-02-19T00:00:00
656,18.98,19.1,18.139999,18.469999,18.469999,223200.0,2020-02-20T00:00:00
657,18.4,18.41,18.110001,18.280001,18.280001,174500.0,2020-02-21T00:00:00
658,17.84,17.84,17.48,17.58,17.58,271100.0,2020-02-24T00:00:00
659,17.58,17.77,17.24,17.32,17.32,166000.0,2020-02-25T00:00:00
660,17.42,17.58,17.18,17.280001,17.280001,152000.0,2020-02-26T00:00:00
661,17.02,17.48,16.540001,16.959999,16.959999,319800.0,2020-02-27T00:00:00
662,16.299999,16.57,15.18,15.39,15.39,493000.0,2020-02-28T00:00:00
663,15.56,15.89,15.4,15.85,15.85,321200.0,2020-03-02T00:00:00
664,15.81,16.280001,15.36,15.73,15.73,674400.0,2020-03-03T00:00:00
665,15.94,16.389999,15.54,16.35,16.35,254700.0,2020-03-04T00:00:00
666,16.110001,16.33,15.59,15.71,15.71,313700.0,2020-03-05T00:00:00
667,15.31,15.4,14.89,15.33,15.33,408500.0,2020-03-06T00:00:00
668,14.79,15.28,14.52,14.56,14.56,303000.0,2020-03-09T00:00:00
669,14.86,15.39,14.64,15.39,15.39,307900.0,2020-03-10T00:00:00
670,15.04,15.41,14.91,15.3,15.3,264100.0,2020-03-11T00:00:00
671,14.5,14.68,13.75,13.87,13.87,291500.0,2020-03-12T00:00:00
672,13.76,14.73,13.09,14.19,14.19,679600.0,2020-03-13T00:00:00
673,13.09,13.98,12.9,13.03,13.03,388300.0,2020-03-16T00:00:00
674,13.17,14.55,12.9,14.5,14.5,459000.0,2020-03-17T00:00:00
675,13.68,14.54,12.77,12.78,12.78,295600.0,2020-03-18T00:00:00
676,12.76,13.5,12.33,13.35,13.35,379700.0,2020-03-19T00:00:00
677,13.45,14.21,12.6,12.66,12.66,370700.0,2020-03-20T00:00:00
678,12.83,13.54,12.66,13.19,13.19,254700.0,2020-03-23T00:00:00
679,13.72,13.98,13.37,13.68,13.68,272800.0,2020-03-24T00:00:00
680,13.62,13.71,13.04,13.1,13.1,296100.0,2020-03-25T00:00:00
681,13.07,14.43,13.07,14.38,14.38,319400.0,2020-03-26T00:00:00
682,13.86,14.43,13.51,14.06,14.06,280800.0,2020-03-27T00:00:00
683,14.18,15.34,14.08,15.12,15.12,278400.0,2020-03-30T00:00:00
684,15.06,15.32,14.46,14.84,14.84,222200.0,2020-03-31T00:00:00
685,14.32,14.72,14.06,14.25,14.25,234800.0,2020-04-01T00:00:00
686,14.13,15.3,14.0,14.77,14.77,202200.0,2020-04-02T00:00:00
687,14.64,14.96,14.22,14.78,14.78,220600.0,2020-04-03T00:00:00
688,15.18,15.78,14.83,15.61,15.61,278900.0,2020-04-06T00:00:00
689,15.88,16.129999,14.77,14.91,14.91,260500.0,2020-04-07T00:00:00
690,14.98,15.95,14.84,15.88,15.88,217600.0,2020-04-08T00:00:00
691,16.0,16.540001,15.75,16.469999,16.469999,251400.0,2020-04-09T00:00:00
692,16.370001,16.4,15.99,16.33,16.33,210100.0,2020-04-13T00:00:00
693,16.559999,16.58,15.9,16.42,16.42,221300.0,2020-04-14T00:00:00
694,16.08,16.450001,15.5,16.190001,16.190001,270600.0,2020-04-15T00:00:00
695,16.280001,16.459999,15.56,15.99,15.99,329500.0,2020-04-16T00:00:00
696,16.5,16.59,16.17,16.34,16.34,187900.0,2020-04-17T00:00:00
697,16.129999,16.940001,16.129999,16.610001,16.610001,201000.0,2020-04-20T00:00:00
698,16.25,16.469999,15.79,16.01,16.01,172200.0,2020-04-21T00:00:00
699,16.09,16.530001,16.059999,16.4,16.4,191500.0,2020-04-22T00:00:00
700,16.49,17.0,16.299999,16.559999,16.559999,237600.0,2020-04-23T00:00:00
701,16.700001,16.799999,16.459999,16.73,16.73,159600.0,2020-04-24T00:00:00
702,17.08,18.059999,17.01,17.98,17.98,355900.0,2020-04-27T00:00:00
703,18.389999,18.389999,17.08,17.120001,17.120001,250500.0,2020-04-28T00:00:00
704,17.51,17.82,17.07,17.43,17.43,262300.0,2020-04-29T00:00:00
705,17.219999,17.379999,16.860001,16.950001,16.950001,240400.0,2020-04-30T00:00:00
706,17.030001,17.030001,16.4,16.82,16.82,247600.0,2020-05-01T00:00:00
707,16.82,17.4,16.540001,17.25,17.25,199400.0,2020-05-04T00:00:00
708,17.57,17.790001,17.120001,17.219999,17.219999,293800.0,2020-05-05T00:00:00
709,17.26,17.530001,17.23,17.33,17.33,215200.0,2020-05-06T00:00:00
710,17.6,17.790001,17.23,17.6,17.6,256400.0,2020-05-07T00:00:00
711,18.469999,19.360001,17.9,18.790001,18.790001,404000.0,2020-05-08T00:00:00
712,18.799999,19.719999,18.799999,19.18,19.18,319000.0,2020-05-11T00:00:00
713,19.16,19.469999,18.469999,18.530001,18.530001,436400.0,2020-05-12T00:00:00
714,18.530001,18.940001,18.18,18.5,18.5,344200.0,2020-05-13T00:00:00
715,18.120001,18.309999,17.57,17.98,17.98,375300.0,2020-05-14T00:00:00
716,17.940001,18.469999,17.91,18.18,18.18,1317000.0,2020-05-15T00:00:00
717,18.639999,19.379999,18.58,18.84,18.84,585800.0,2020-05-18T00:00:00
718,18.860001,19.15,18.48,18.77,18.77,383000.0,2020-05-19T00:00:00
719,19.059999,19.09,18.26,18.360001,18.360001,456600.0,2020-05-20T00:00:00
720,18.309999,18.65,18.129999,18.469999,18.469999,563100.0,2020-05-21T00:00:00
721,18.57,18.610001,18.030001,18.540001,18.540001,328100.0,2020-05-22T00:00:00
722,18.959999,18.99,18.42,18.49,18.49,387100.0,2020-05-26T00:00:00
723,18.65,18.85,18.02,18.790001,18.790001,579500.0,2020-05-27T00:00:00
724,18.940001,19.18,18.42,18.620001,18.620001,443000.0,2020-05-28T00:00:00
725,18.530001,18.73,18.280001,18.639999,18.639999,329400.0,2020-05-29T00:00:00
726,18.610001,19.280001,18.559999,19.049999,19.049999,330200.0,2020-06-01T00:00:00
727,19.1,19.139999,18.65,18.84,18.84,325500.0,2020-06-02T00:00:00
728,18.860001,19.139999,18.68,18.92,18.92,347300.0,2020-06-03T00:00:00
729,18.85,19.190001,18.620001,19.190001,19.190001,297800.0,2020-06-04T00:00:00
730,19.299999,19.879999,19.16,19.52,19.52,488900.0,2020-06-05T00:00:00
731,19.6,20.290001,19.52,20.08,20.08,451900.0,2020-06-08T00:00:00
732,20.290001,20.709999,19.799999,20.549999,20.549999,689200.0,2020-06-09T00:00:00
733,20.58,20.700001,19.84,20.120001,20.120001,343300.0,2020-06-10T00:00:00
734,19.58,19.790001,19.389999,19.65,19.65,512800.0,2020-06-11T00:00:00
735,20.1,20.280001,19.280001,19.58,19.58,341700.0,2020-06-12T00:00:00
736,19.24,19.959999,19.24,19.940001,19.940001,241900.0,2020-06-15T00:00:00
737,20.41,20.469999,19.690001,20.200001,20.200001,357900.0,2020-06-16T00:00:00
738,20.280001,20.379999,19.92,20.02,20.02,238400.0,2020-06-17T00:00:00
739,19.93,20.370001,19.93,20.299999,20.299999,168200.0,2020-06-18T00:00:00
740,20.5,21.01,20.24,21.01,21.01,698600.0,2020-06-19T00:00:00
741,20.950001,21.360001,20.82,21.34,21.34,326700.0,2020-06-22T00:00:00
742,21.360001,21.93,21.360001,21.540001,21.540001,348200.0,2020-06-23T00:00:00
743,21.32,21.540001,21.16,21.309999,21.309999,292200.0,2020-06-24T00:00:00
744,21.32,21.91,21.08,21.85,21.85,344100.0,2020-06-25T00:00:00
745,21.77,21.809999,21.27,21.57,21.57,414500.0,2020-06-26T00:00:00
746,21.82,22.33,21.549999,22.120001,22.120001,310600.0,2020-06-29T00:00:00
747,22.040001,22.5,21.82,22.459999,22.459999,278000.0,2020-06-30T00:00:00
748,22.6,22.690001,22.15,22.219999,22.219999,195700.0,2020-07-01T00:00:00
749,22.58,22.58,21.85,21.92,21.92,252800.0,2020-07-02T00:00:00
750,22.0,22.309999,21.780001,21.98,21.98,291100.0,2020-07-06T00:00:00
751,21.85,21.9,21.459999,21.559999,21.559999,226500.0,2020-07-07T00:00:00
752,21.6,21.719999,21.35,21.5,21.5,177500.0,2020-07-08T00:00:00
753,21.09,21.23,20.59,20.82,20.82,302000.0,2020-07-09T00:00:00
754,20.799999,20.92,20.190001,20.34,20.34,411100.0,2020-07-10T00:00:00
755,20.51,20.940001,19.74,19.75,19.75,279100.0,2020-07-13T00:00:00
756,19.790001,20.27,19.790001,20.27,20.27,500500.0,2020-07-14T00:00:00
757,20.719999,20.85,20.450001,20.690001,20.690001,218900.0,2020-07-15T00:00:00
758,20.639999,20.709999,20.290001,20.690001,20.690001,313800.0,2020-07-16T00:00:00
759,20.67,21.280001,20.67,21.25,21.25,202400.0,2020-07-17T00:00:00
760,21.190001,21.190001,20.780001,20.93,20.93,226500.0,2020-07-20T00:00:00
761,21.049999,21.450001,20.889999,21.23,21.23,342800.0,2020-07-21T00:00:00
762,21.24,21.26,20.549999,20.629999,20.629999,211800.0,2020-07-22T00:00:00
763,20.620001,20.809999,20.34,20.389999,20.389999,176200.0,2020-07-23T00:00:00
764,20.389999,20.389999,19.9,19.98,19.98,110800.0,2020-07-24T00:00:00
765,19.99,20.25,19.940001,20.200001,20.200001,100200.0,2020-07-27T00:00:00
766,20.209999,20.41,19.98,19.99,19.99,122900.0,2020-07-28T00:00:00
767,19.99,20.49,19.91,20.290001,20.290001,204000.0,2020-07-29T00:00:00
768,20.17,20.43,19.92,20.35,20.35,215600.0,2020-07-30T00:00:00
769,20.4,20.530001,19.719999,20.02,20.02,284000.0,2020-07-31T00:00:00
770,20.120001,20.84,19.99,20.74,20.74,245300.0,2020-08-03T00:00:00
771,20.77,20.879999,20.450001,20.85,20.85,255300.0,2020-08-04T00:00:00
772,20.99,21.219999,20.469999,21.09,21.09,413100.0,2020-08-05T00:00:00
773,21.049999,21.15,19.51,20.27,20.27,316700.0,2020-08-06T00:00:00
774,20.07,20.440001,19.52,20.139999,20.139999,258000.0,2020-08-07T00:00:00
775,20.23,20.799999,19.9,20.32,20.32,305800.0,2020-08-10T00:00:00
776,20.32,20.6,19.809999,19.889999,19.889999,283100.0,2020-08-11T00:00:00
777,20.120001,20.42,20.049999,20.27,20.27,222900.0,2020-08-12T00:00:00
778,20.120001,20.469999,19.99,20.4,20.4,157400.0,2020-08-13T00:00:00
779,20.379999,20.5,20.09,20.34,20.34,169100.0,2020-08-14T00:00:00
780,20.42,20.700001,20.35,20.49,20.49,155900.0,2020-08-17T00:00:00
781,20.51,20.530001,20.09,20.34,20.34,128600.0,2020-08-18T00:00:00
782,20.469999,20.780001,20.469999,20.51,20.51,177700.0,2020-08-19T00:00:00
783,20.440001,20.59,20.33,20.42,20.42,125600.0,2020-08-20T00:00:00
784,20.42,20.49,19.809999,20.030001,20.030001,192300.0,2020-08-21T00:00:00
785,20.23,20.280001,20.040001,20.120001,20.120001,175400.0,2020-08-24T00:00:00
786,20.200001,20.25,19.98,20.219999,20.219999,142200.0,2020-08-25T00:00:00
787,20.190001,20.41,20.07,20.299999,20.299999,132500.0,2020-08-26T00:00:00
788,20.25,20.43,20.139999,20.309999,20.309999,164600.0,2020-08-27T00:00:00
789,20.299999,20.42,20.110001,20.4,20.4,121800.0,2020-08-28T00:00:00
790,20.34,20.73,20.25,20.379999,20.379999,219600.0,2020-08-31T00:00:00
791,20.309999,20.450001,19.620001,19.799999,19.799999,222600.0,2020-09-01T00:00:00
792,19.940001,20.379999,19.75,20.280001,20.280001,184800.0,2020-09-02T00:00:00
793,20.18,20.42,20.01,20.059999,20.059999,274400.0,2020-09-03T00:00:00
794,20.27,20.27,19.459999,19.92,19.92,131800.0,2020-09-04T00:00:00
795,19.85,20.379999,19.610001,19.809999,19.809999,397600.0,2020-09-08T00:00:00
796,19.940001,20.370001,19.9,20.0,20.0,216800.0,2020-09-09T00:00:00
797,20.030001,20.309999,19.43,19.469999,19.469999,189900.0,2020-09-10T00:00:00
798,19.549999,19.639999,19.219999,19.42,19.42,174200.0,2020-09-11T00:00:00
799,19.620001,19.790001,19.35,19.65,19.65,196100.0,2020-09-14T00:00:00
800,19.780001,19.82,19.42,19.5,19.5,186700.0,2020-09-15T00:00:00
801,19.620001,19.68,19.459999,19.49,19.49,176500.0,2020-09-16T00:00:00
802,19.389999,19.58,19.25,19.450001,19.450001,173300.0,2020-09-17T00:00:00
803,19.59,19.860001,19.370001,19.57,19.57,714000.0,2020-09-18T00:00:00
804,19.200001,19.889999,18.459999,18.790001,18.790001,199600.0,2020-09-21T00:00:00
805,18.82,18.940001,18.32,18.530001,18.530001,149700.0,2020-09-22T00:00:00
806,18.389999,18.629999,18.18,18.18,18.18,150600.0,2020-09-23T00:00:00
807,18.18,18.200001,17.860001,17.99,17.99,171100.0,2020-09-24T00:00:00
808,17.83,18.15,17.83,18.030001,18.030001,227100.0,2020-09-25T00:00:00
809,18.129999,18.540001,18.059999,18.51,18.51,173100.0,2020-09-28T00:00:00
810,18.49,18.68,18.290001,18.629999,18.629999,246000.0,2020-09-29T00:00:00
811,18.719999,19.0,18.57,18.75,18.75,228800.0,2020-09-30T00:00:00
812,18.889999,19.09,18.73,19.040001,19.040001,179000.0,2020-10-01T00:00:00
813,18.780001,19.219999,18.549999,19.0,19.0,197200.0,2020-10-02T00:00:00
814,20.299999,20.709999,19.75,20.139999,20.139999,234300.0,2020-10-05T00:00:00
815,20.33,20.57,19.860001,20.209999,20.209999,185500.0,2020-10-06T00:00:00
816,20.33,20.59,20.09,20.440001,20.440001,189500.0,2020-10-07T00:00:00
817,20.58,21.110001,20.58,20.92,20.92,145400.0,2020-10-08T00:00:00
818,21.0,21.34,20.76,21.24,21.24,129200.0,2020-10-09T00:00:00
819,21.24,21.33,20.860001,21.23,21.23,115600.0,2020-10-12T00:00:00
820,20.940001,21.26,20.790001,21.1,21.1,197600.0,2020-10-13T00:00:00
821,21.1,21.23,20.799999,20.860001,20.860001,92500.0,2020-10-14T00:00:00
822,20.629999,20.98,20.6,20.969999,20.969999,101300.0,2020-10-15T00:00:00
823,20.940001,21.379999,20.91,20.959999,20.959999,125400.0,2020-10-16T00:00:00
824,21.0,21.09,20.74,20.82,20.82,118400.0,2020-10-19T00:00:00
825,21.02,21.02,20.4,20.629999,20.629999,124300.0,2020-10-20T00:00:00
826,20.719999,20.76,20.33,20.41,20.41,110400.0,2020-10-21T00:00:00
827,20.459999,21.0,20.26,20.59,20.59,120100.0,2020-10-22T00:00:00
828,20.74,20.879999,20.5,20.84,20.84,117100.0,2020-10-23T00:00:00
829,20.719999,20.84,20.26,20.290001,20.290001,139400.0,2020-10-26T00:00:00
830,20.24,20.469999,19.870001,19.879999,19.879999,102000.0,2020-10-27T00:00:00
831,19.26,19.700001,18.780001,19.540001,19.540001,206900.0,2020-10-28T00:00:00
832,19.559999,20.16,19.17,20.09,20.09,157800.0,2020-10-29T00:00:00
833,20.07,20.07,19.32,19.59,19.59,164200.0,2020-10-30T00:00:00
834,19.75,19.969999,19.67,19.9,19.9,164900.0,2020-11-02T00:00:00
835,20.15,20.440001,19.99,20.370001,20.370001,115300.0,2020-11-03T00:00:00
836,20.23,21.33,19.99,20.74,20.74,138900.0,2020-11-04T00:00:00
837,20.799999,21.030001,20.43,20.629999,20.629999,126000.0,2020-11-05T00:00:00
838,20.790001,20.790001,18.98,19.200001,19.200001,248300.0,2020-11-06T00:00:00
839,19.780001,20.450001,19.01,19.01,19.01,243300.0,2020-11-09T00:00:00
840,19.299999,19.84,19.120001,19.780001,19.780001,191600.0,2020-11-10T00:00:00
841,19.83,19.83,19.190001,19.540001,19.540001,172200.0,2020-11-11T00:00:00
842,19.370001,19.41,18.93,19.219999,19.219999,225000.0,2020-11-12T00:00:00
843,19.26,19.540001,19.15,19.370001,19.370001,263100.0,2020-11-13T00:00:00
844,19.620001,19.700001,19.290001,19.52,19.52,256800.0,2020-11-16T00:00:00
845,19.389999,19.52,19.0,19.24,19.24,290300.0,2020-11-17T00:00:00
846,19.51,19.51,18.530001,18.559999,18.559999,198100.0,2020-11-18T00:00:00
847,18.559999,18.75,18.219999,18.32,18.32,157700.0,2020-11-19T00:00:00
848,18.129999,18.51,17.99,18.360001,18.360001,247800.0,2020-11-20T00:00:00
849,18.4,18.4,17.82,17.92,17.92,205400.0,2020-11-23T00:00:00
850,18.0,18.32,17.85,18.01,18.01,188900.0,2020-11-24T00:00:00
851,18.049999,18.049999,17.51,17.870001,17.870001,298000.0,2020-11-25T00:00:00
852,17.51,18.34,17.51,18.120001,18.120001,140600.0,2020-11-27T00:00:00
853,18.18,18.26,17.700001,17.76,17.76,257000.0,2020-11-30T00:00:00
854,17.92,18.110001,17.66,17.940001,17.940001,366900.0,2020-12-01T00:00:00
855,17.82,17.9,17.59,17.82,17.82,179400.0,2020-12-02T00:00:00
856,17.809999,18.639999,17.709999,18.540001,18.540001,341900.0,2020-12-03T00:00:00
857,18.52,19.01,18.51,18.950001,18.950001,176900.0,2020-12-04T00:00:00
858,18.860001,18.889999,18.42,18.57,18.57,154300.0,2020-12-07T00:00:00
859,18.42,18.860001,18.370001,18.809999,18.809999,149700.0,2020-12-08T00:00:00
860,18.93,19.0,18.530001,18.889999,18.889999,228300.0,2020-12-09T00:00:00
861,18.82,19.32,18.65,19.290001,19.290001,196800.0,2020-12-10T00:00:00
862,19.18,19.24,18.620001,18.690001,18.690001,230500.0,2020-12-11T00:00:00
863,18.93,19.18,18.82,18.85,18.85,163700.0,2020-12-14T00:00:00
864,18.93,18.93,18.66,18.84,18.84,222900.0,2020-12-15T00:00:00
865,18.91,18.91,18.34,18.360001,18.360001,146700.0,2020-12-16T00:00:00
866,18.48,18.58,18.17,18.200001,18.200001,218800.0,2020-12-17T00:00:00
867,18.280001,19.139999,18.200001,18.959999,18.959999,766200.0,2020-12-18T00:00:00
868,18.709999,18.889999,18.26,18.82,18.82,146900.0,2020-12-21T00:00:00
869,18.84,19.040001,18.6,18.860001,18.860001,123200.0,2020-12-22T00:00:00
870,18.85,19.040001,18.809999,18.879999,18.879999,110900.0,2020-12-23T00:00:00
871,18.959999,19.35,18.959999,19.139999,19.139999,100200.0,2020-12-24T00:00:00
872,19.42,19.42,18.870001,19.02,19.02,148100.0,2020-12-28T00:00:00
873,20.68,20.68,19.700001,19.809999,19.809999,373700.0,2020-12-29T00:00:00
874,19.65,20.139999,19.65,19.85,19.85,217300.0,2020-12-30T00:00:00
875,19.93,20.190001,19.84,20.110001,20.110001,124200.0,2020-12-31T00:00:00
876,20.26,20.41,19.860001,20.139999,20.139999,298700.0,2021-01-04T00:00:00
877,20.02,20.34,19.67,20.02,20.02,178200.0,2021-01-05T00:00:00
878,20.26,20.549999,19.92,20.1,20.1,376200.0,2021-01-06T00:00:00
879,20.1,20.93,19.73,20.65,20.65,191300.0,2021-01-07T00:00:00
880,19.02,19.85,19.02,19.799999,19.799999,306700.0,2021-01-08T00:00:00
881,19.59,20.0,19.469999,19.530001,19.530001,150400.0,2021-01-11T00:00:00
882,19.620001,19.66,19.4,19.52,19.52,120100.0,2021-01-12T00:00:00
883,19.719999,19.969999,19.309999,19.389999,19.389999,158900.0,2021-01-13T00:00:00
884,19.5,19.799999,19.15,19.26,19.26,189000.0,2021-01-14T00:00:00
885,19.219999,19.450001,18.67,18.690001,18.690001,155300.0,2021-01-15T00:00:00
886,19.120001,19.120001,18.52,18.639999,18.639999,246300.0,2021-01-19T00:00:00
887,18.620001,18.68,18.309999,18.530001,18.530001,229300.0,2021-01-20T00:00:00
888,18.52,18.559999,18.07,18.43,18.43,179300.0,2021-01-21T00:00:00
889,18.35,18.76,18.24,18.700001,18.700001,156500.0,2021-01-22T00:00:00
890,18.700001,19.07,18.52,19.040001,19.040001,127100.0,2021-01-25T00:00:00
891,19.190001,19.24,19.08,19.120001,19.120001,84700.0,2021-01-26T00:00:00
892,18.77,19.27,18.52,18.83,18.83,144900.0,2021-01-27T00:00:00
893,18.91,19.17,18.41,18.57,18.57,147900.0,2021-01-28T00:00:00
894,18.360001,18.84,18.18,18.18,18.18,109200.0,2021-01-29T00:00:00
895,18.23,18.58,17.969999,18.459999,18.459999,199500.0,2021-02-01T00:00:00
896,18.629999,18.83,18.51,18.57,18.57,111200.0,2021-02-02T00:00:00
897,18.469999,18.67,18.08,18.42,18.42,140400.0,2021-02-03T00:00:00
898,18.379999,19.07,18.379999,18.99,18.99,213000.0,2021-02-04T00:00:00
899,19.07,19.209999,18.73,19.07,19.07,137300.0,2021-02-05T00:00:00
900,19.08,19.18,18.68,18.860001,18.860001,126000.0,2021-02-08T00:00:00
901,18.93,19.110001,18.709999,18.93,18.93,100700.0,2021-02-09T00:00:00
902,18.91,18.93,18.48,18.83,18.83,135700.0,2021-02-10T00:00:00
903,18.9,19.209999,18.75,19.139999,19.139999,173100.0,2021-02-11T00:00:00
904,19.110001,19.18,18.84,18.879999,18.879999,113100.0,2021-02-12T00:00:00
905,18.860001,18.959999,18.4,18.41,18.41,166900.0,2021-02-16T00:00:00
906,18.4,18.860001,18.299999,18.700001,18.700001,114200.0,2021-02-17T00:00:00
907,18.57,18.76,18.33,18.35,18.35,154000.0,2021-02-18T00:00:00
908,18.309999,18.6,18.290001,18.48,18.48,352900.0,2021-02-19T00:00:00
909,18.35,18.370001,18.040001,18.110001,18.110001,178500.0,2021-02-22T00:00:00
910,18.049999,18.219999,17.66,17.77,17.77,176400.0,2021-02-23T00:00:00
911,17.959999,18.450001,17.85,18.35,18.35,128500.0,2021-02-24T00:00:00
912,18.219999,18.450001,17.860001,17.889999,17.889999,121300.0,2021-02-25T00:00:00
913,17.549999,17.889999,17.309999,17.530001,17.530001,388600.0,2021-02-26T00:00:00
914,17.790001,18.030001,17.41,17.48,17.48,304400.0,2021-03-01T00:00:00
915,17.440001,17.73,17.15,17.370001,17.370001,1418900.0,2021-03-02T00:00:00
916,17.48,17.860001,17.200001,17.780001,17.780001,212000.0,2021-03-03T00:00:00
917,17.700001,17.799999,17.17,17.209999,17.209999,200800.0,2021-03-04T00:00:00
918,17.33,17.57,17.110001,17.52,17.52,222300.0,2021-03-05T00:00:00
919,17.440001,18.049999,17.440001,17.959999,17.959999,196500.0,2021-03-08T00:00:00
920,18.1,19.139999,18.1,18.790001,18.790001,281500.0,2021-03-09T00:00:00
921,18.879999,18.93,18.610001,18.780001,18.780001,180300.0,2021-03-10T00:00:00
922,18.959999,19.1,18.709999,19.040001,19.040001,165200.0,2021-03-11T00:00:00
923,19.059999,19.41,18.969999,19.360001,19.360001,141300.0,2021-03-12T00:00:00
924,19.33,19.4,18.879999,19.15,19.15,177000.0,2021-03-15T00:00:00
925,19.25,19.440001,17.719999,18.440001,18.440001,218900.0,2021-03-16T00:00:00
926,18.27,18.4,17.82,17.99,17.99,203300.0,2021-03-17T00:00:00
927,18.0,18.41,17.84,17.91,17.91,187900.0,2021-03-18T00:00:00
928,17.889999,18.16,17.639999,18.07,18.07,535700.0,2021-03-19T00:00:00
929,18.129999,18.59,18.01,18.49,18.49,153400.0,2021-03-22T00:00:00
930,18.35,18.35,17.85,17.99,17.99,137500.0,2021-03-23T00:00:00
931,18.08,18.24,17.66,17.66,17.66,134700.0,2021-03-24T00:00:00
932,17.940001,18.040001,17.629999,17.9,17.9,117200.0,2021-03-25T00:00:00
933,17.92,18.190001,17.860001,18.040001,18.040001,94400.0,2021-03-26T00:00:00
934,18.309999,18.540001,18.059999,18.110001,18.110001,195500.0,2021-03-29T00:00:00
935,18.110001,18.32,17.959999,18.0,18.0,78000.0,2021-03-30T00:00:00
936,18.01,18.41,18.01,18.32,18.32,255600.0,2021-03-31T00:00:00
937,18.33,18.4,17.780001,18.09,18.09,176800.0,2021-04-01T00:00:00
938,18.219999,18.219999,17.559999,17.68,17.68,124500.0,2021-04-05T00:00:00
939,17.629999,17.879999,17.52,17.629999,17.629999,123100.0,2021-04-06T00:00:00
940,17.59,17.93,17.51,17.74,17.74,113400.0,2021-04-07T00:00:00
941,17.780001,17.969999,17.59,17.780001,17.780001,145800.0,2021-04-08T00:00:00
942,17.73,17.92,17.67,17.889999,17.889999,96000.0,2021-04-09T00:00:00
943,17.83,17.83,16.91,17.110001,17.110001,263100.0,2021-04-12T00:00:00
944,17.139999,17.540001,17.139999,17.33,17.33,156300.0,2021-04-13T00:00:00
945,17.34,17.77,17.32,17.4,17.4,117200.0,2021-04-14T00:00:00
946,17.49,17.719999,17.299999,17.35,17.35,120500.0,2021-04-15T00:00:00
947,17.33,17.379999,17.15,17.299999,17.299999,122000.0,2021-04-16T00:00:00
948,17.32,17.48,17.049999,17.299999,17.299999,149000.0,2021-04-19T00:00:00
949,17.27,17.370001,17.02,17.139999,17.139999,142300.0,2021-04-20T00:00:00
950,17.09,17.59,17.059999,17.559999,17.559999,129300.0,2021-04-21T00:00:00
951,17.51,17.709999,17.35,17.6,17.6,155800.0,2021-04-22T00:00:00
952,17.59,17.67,17.299999,17.32,17.32,133900.0,2021-04-23T00:00:00
953,17.360001,17.549999,17.27,17.32,17.32,152800.0,2021-04-26T00:00:00
954,17.360001,17.42,17.15,17.16,17.16,96800.0,2021-04-27T00:00:00
955,17.17,17.469999,17.09,17.389999,17.389999,119500.0,2021-04-28T00:00:00
956,17.4,17.629999,17.360001,17.57,17.57,82900.0,2021-04-29T00:00:00
957,17.42,17.93,17.219999,17.4,17.4,134800.0,2021-04-30T00:00:00
958,17.41,17.77,17.01,17.49,17.49,308400.0,2021-05-03T00:00:00
959,17.5,18.18,17.4,18.129999,18.129999,180600.0,2021-05-04T00:00:00
960,18.110001,18.129999,17.68,17.950001,17.950001,113900.0,2021-05-05T00:00:00
961,17.91,18.09,17.690001,18.049999,18.049999,116500.0,2021-05-06T00:00:00
962,18.23,19.35,18.139999,18.68,18.68,220300.0,2021-05-07T00:00:00
963,18.76,19.49,18.74,19.15,19.15,163300.0,2021-05-10T00:00:00
964,18.700001,19.299999,18.65,18.98,18.98,279900.0,2021-05-11T00:00:00
965,18.959999,19.440001,18.959999,19.08,19.08,180600.0,2021-05-12T00:00:00
966,19.120001,19.58,19.120001,19.559999,19.559999,206000.0,2021-05-13T00:00:00
967,19.58,20.0,19.33,19.969999,19.969999,227200.0,2021-05-14T00:00:00
968,19.93,20.190001,19.65,19.959999,19.959999,284400.0,2021-05-17T00:00:00
969,19.940001,19.959999,19.639999,19.67,19.67,108700.0,2021-05-18T00:00:00
970,19.57,19.889999,19.299999,19.82,19.82,137800.0,2021-05-19T00:00:00
971,19.85,20.0,19.65,19.690001,19.690001,148100.0,2021-05-20T00:00:00
972,19.82,19.950001,19.700001,19.719999,19.719999,208700.0,2021-05-21T00:00:00
973,19.82,19.93,19.66,19.76,19.76,80200.0,2021-05-24T00:00:00
974,19.73,19.75,19.33,19.379999,19.379999,144100.0,2021-05-25T00:00:00
975,19.4,19.5,18.969999,19.34,19.34,102500.0,2021-05-26T00:00:00
976,19.469999,19.49,18.950001,19.01,19.01,179500.0,2021-05-27T00:00:00
977,19.030001,19.190001,18.860001,18.92,18.92,97900.0,2021-05-28T00:00:00
978,19.01,19.48,18.780001,19.08,19.08,336500.0,2021-06-01T00:00:00
979,19.1,19.25,18.73,18.85,18.85,246800.0,2021-06-02T00:00:00
980,18.719999,18.85,18.530001,18.66,18.66,191100.0,2021-06-03T00:00:00
981,18.73,18.84,18.6,18.790001,18.790001,149300.0,2021-06-04T00:00:00
982,18.73,19.620001,18.639999,19.52,19.52,288700.0,2021-06-07T00:00:00
983,19.559999,19.559999,18.969999,19.43,19.43,246900.0,2021-06-08T00:00:00
984,19.43,19.709999,19.389999,19.690001,19.690001,186200.0,2021-06-09T00:00:00
985,19.76,19.860001,19.6,19.700001,19.700001,180500.0,2021-06-10T00:00:00
986,19.66,19.950001,19.459999,19.92,19.92,244800.0,2021-06-11T00:00:00
987,19.98,19.98,19.459999,19.68,19.68,170600.0,2021-06-14T00:00:00
988,19.77,20.0,19.66,19.98,19.98,231500.0,2021-06-15T00:00:00
989,20.059999,20.15,19.84,20.129999,20.129999,322600.0,2021-06-16T00:00:00
990,20.17,20.459999,20.08,20.389999,20.389999,289200.0,2021-06-17T00:00:00
991,20.280001,20.309999,19.84,20.17,20.17,1036200.0,2021-06-18T00:00:00
992,20.17,20.290001,20.040001,20.18,20.18,221200.0,2021-06-21T00:00:00
993,20.17,20.25,19.99,20.200001,20.200001,156700.0,2021-06-22T00:00:00
994,20.1,20.34,20.049999,20.309999,20.309999,236600.0,2021-06-23T00:00:00
995,20.200001,20.91,20.200001,20.879999,20.879999,311900.0,2021-06-24T00:00:00
996,20.870001,20.940001,20.67,20.92,20.92,1623300.0,2021-06-25T00:00:00
997,20.9,20.9,20.459999,20.76,20.76,195500.0,2021-06-28T00:00:00
998,20.77,20.82,20.209999,20.290001,20.290001,324900.0,2021-06-29T00:00:00
999,20.200001,20.26,19.969999,20.16,20.16,221300.0,2021-06-30T00:00:00
1000,20.24,20.549999,20.09,20.440001,20.440001,137900.0,2021-07-01T00:00:00
1001,20.389999,20.690001,20.25,20.610001,20.610001,167800.0,2021-07-02T00:00:00
1002,20.4,20.6,20.389999,20.49,20.49,121300.0,2021-07-06T00:00:00
1003,20.48,20.58,20.26,20.35,20.35,131400.0,2021-07-07T00:00:00
1004,20.309999,20.459999,19.74,20.41,20.41,191000.0,2021-07-08T00:00:00
1005,20.459999,20.549999,20.02,20.059999,20.059999,270600.0,2021-07-09T00:00:00
1006,20.049999,20.07,19.809999,20.030001,20.030001,167500.0,2021-07-12T00:00:00
1007,20.07,20.299999,19.82,19.889999,19.889999,141000.0,2021-07-13T00:00:00
1008,19.889999,20.17,19.709999,20.01,20.01,125400.0,2021-07-14T00:00:00
1009,19.969999,20.129999,19.790001,20.02,20.02,220200.0,2021-07-15T00:00:00
1010,20.17,20.190001,19.9,20.059999,20.059999,139100.0,2021-07-16T00:00:00
1011,19.870001,20.049999,19.190001,20.02,20.02,146500.0,2021-07-19T00:00:00
1012,20.1,20.6,19.99,20.16,20.16,233900.0,2021-07-20T00:00:00
1013,20.18,20.5,20.139999,20.43,20.43,130100.0,2021-07-21T00:00:00
1014,20.41,20.49,20.26,20.41,20.41,122600.0,2021-07-22T00:00:00
1015,20.48,20.860001,20.309999,20.860001,20.860001,243100.0,2021-07-23T00:00:00
1016,20.700001,20.889999,20.67,20.690001,20.690001,174500.0,2021-07-26T00:00:00
1017,20.68,20.82,20.42,20.790001,20.790001,194000.0,2021-07-27T00:00:00
1018,20.799999,20.969999,20.23,20.9,20.9,197500.0,2021-07-28T00:00:00
1019,20.82,20.91,20.68,20.77,20.77,135600.0,2021-07-29T00:00:00
1020,20.799999,20.969999,20.469999,20.950001,20.950001,278800.0,2021-07-30T00:00:00
1021,20.799999,21.299999,20.799999,21.24,21.24,380100.0,2021-08-02T00:00:00
1022,21.18,21.629999,21.18,21.49,21.49,389500.0,2021-08-03T00:00:00
1023,21.34,21.440001,20.66,20.68,20.68,147800.0,2021-08-04T00:00:00
1024,20.65,20.719999,20.23,20.35,20.35,149000.0,2021-08-05T00:00:00
1025,20.129999,20.67,20.129999,20.309999,20.309999,176400.0,2021-08-06T00:00:00
1026,20.389999,20.389999,20.0,20.08,20.08,108100.0,2021-08-09T00:00:00
1027,20.299999,21.059999,20.09,20.32,20.32,176100.0,2021-08-10T00:00:00
1028,20.42,20.59,19.889999,19.92,19.92,128300.0,2021-08-11T00:00:00
1029,19.99,20.190001,19.469999,19.530001,19.530001,152300.0,2021-08-12T00:00:00
1030,19.59,19.75,19.299999,19.6,19.6,115100.0,2021-08-13T00:00:00
1031,19.59,19.6,19.26,19.33,19.33,109600.0,2021-08-16T00:00:00
1032,19.27,19.280001,19.049999,19.16,19.16,122500.0,2021-08-17T00:00:00
1033,19.129999,19.43,19.049999,19.08,19.08,130800.0,2021-08-18T00:00:00
1034,18.98,19.059999,18.5,18.68,18.68,109100.0,2021-08-19T00:00:00
1035,18.59,19.469999,18.59,18.889999,18.889999,204400.0,2021-08-20T00:00:00
1036,18.85,19.209999,18.85,19.17,19.17,97300.0,2021-08-23T00:00:00
1037,19.17,19.469999,19.129999,19.219999,19.219999,107400.0,2021-08-24T00:00:00
1038,19.01,19.09,18.799999,18.860001,18.860001,103400.0,2021-08-25T00:00:00
1039,18.780001,19.049999,18.73,18.9,18.9,143000.0,2021-08-26T00:00:00
1040,18.950001,19.49,18.950001,19.299999,19.299999,210500.0,2021-08-27T00:00:00
1041,19.27,19.49,19.27,19.379999,19.379999,156300.0,2021-08-30T00:00:00
1042,19.309999,19.67,19.309999,19.66,19.66,176200.0,2021-08-31T00:00:00
1043,19.58,19.83,19.57,19.74,19.74,156300.0,2021-09-01T00:00:00
1044,19.700001,19.940001,19.42,19.530001,19.530001,253000.0,2021-09-02T00:00:00
1045,19.52,19.52,19.23,19.27,19.27,125700.0,2021-09-03T00:00:00
1046,19.200001,19.85,18.75,18.799999,18.799999,149600.0,2021-09-07T00:00:00
1047,19.299999,19.299999,18.530001,18.719999,18.719999,155400.0,2021-09-08T00:00:00
1048,19.469999,19.469999,18.049999,18.049999,18.049999,177300.0,2021-09-09T00:00:00
1049,18.0,18.66,17.799999,17.83,17.83,152500.0,2021-09-10T00:00:00
1050,18.07,18.5,17.799999,18.450001,18.450001,183900.0,2021-09-13T00:00:00
1051,18.559999,18.59,17.82,17.98,17.98,126100.0,2021-09-14T00:00:00
1052,18.0,18.32,17.85,17.879999,17.879999,116000.0,2021-09-15T00:00:00
1053,17.82,18.08,17.559999,17.93,17.93,116400.0,2021-09-16T00:00:00
1054,17.879999,18.42,17.75,18.370001,18.370001,486600.0,2021-09-17T00:00:00
1055,18.15,18.77,18.110001,18.709999,18.709999,196400.0,2021-09-20T00:00:00
1056,18.690001,18.799999,18.43,18.450001,18.450001,104800.0,2021-09-21T00:00:00
1057,18.58,18.629999,18.360001,18.450001,18.450001,89600.0,2021-09-22T00:00:00
1058,18.48,18.77,18.48,18.68,18.68,92800.0,2021-09-23T00:00:00
1059,18.629999,18.790001,18.620001,18.709999,18.709999,76900.0,2021-09-24T00:00:00
1060,18.799999,19.459999,18.620001,19.26,19.26,168900.0,2021-09-27T00:00:00
1061,19.290001,19.41,18.879999,18.91,18.91,164900.0,2021-09-28T00:00:00
1062,18.950001,19.299999,18.879999,19.209999,19.209999,84200.0,2021-09-29T00:00:00
1063,19.32,19.41,18.93,19.01,19.01,158100.0,2021-09-30T00:00:00
1064,19.02,19.440001,19.02,19.35,19.35,154200.0,2021-10-01T00:00:00
1065,19.4,19.52,19.08,19.1,19.1,159300.0,2021-10-04T00:00:00
1066,18.969999,19.200001,18.82,18.84,18.84,223600.0,2021-10-05T00:00:00
1067,18.68,19.24,18.68,19.15,19.15,142500.0,2021-10-06T00:00:00
1068,19.24,19.639999,19.209999,19.25,19.25,101200.0,2021-10-07T00:00:00
1069,19.18,19.690001,19.18,19.459999,19.459999,78600.0,2021-10-08T00:00:00
1070,19.49,19.76,19.4,19.43,19.43,86000.0,2021-10-11T00:00:00
1071,19.42,19.629999,19.18,19.24,19.24,98900.0,2021-10-12T00:00:00
1072,19.190001,19.35,19.190001,19.219999,19.219999,68800.0,2021-10-13T00:00:00
1073,19.370001,19.469999,19.200001,19.23,19.23,98700.0,2021-10-14T00:00:00
1074,19.440001,19.59,19.110001,19.110001,19.110001,105100.0,2021-10-15T00:00:00
1075,18.98,19.139999,18.92,19.030001,19.030001,83200.0,2021-10-18T00:00:00
1076,19.07,19.25,19.07,19.110001,19.110001,62000.0,2021-10-19T00:00:00
1077,19.139999,19.549999,19.139999,19.450001,19.450001,110700.0,2021-10-20T00:00:00
1078,19.43,19.49,19.08,19.26,19.26,105100.0,2021-10-21T00:00:00
1079,19.25,19.41,19.1,19.190001,19.190001,103700.0,2021-10-22T00:00:00
1080,19.209999,19.280001,18.9,19.1,19.1,98700.0,2021-10-25T00:00:00
1081,19.059999,19.08,18.58,18.92,18.92,109200.0,2021-10-26T00:00:00
1082,18.870001,18.92,18.280001,18.360001,18.360001,196200.0,2021-10-27T00:00:00
1083,18.440001,18.6,18.129999,18.139999,18.139999,89800.0,2021-10-28T00:00:00
1084,18.129999,18.77,18.120001,18.68,18.68,201500.0,2021-10-29T00:00:00
1085,18.639999,18.940001,18.559999,18.879999,18.879999,128200.0,2021-11-01T00:00:00
1086,19.16,19.450001,18.82,19.23,19.23,76800.0,2021-11-02T00:00:00
1087,19.190001,19.65,19.16,19.58,19.58,99300.0,2021-11-03T00:00:00
1088,19.610001,19.76,19.42,19.76,19.76,105300.0,2021-11-04T00:00:00
1089,19.799999,20.15,19.610001,20.08,20.08,139100.0,2021-11-05T00:00:00
1090,20.09,20.200001,19.92,19.950001,19.950001,126500.0,2021-11-08T00:00:00
1091,20.049999,21.49,20.0,20.76,20.76,475500.0,2021-11-09T00:00:00
1092,20.610001,21.32,20.52,21.15,21.15,341300.0,2021-11-10T00:00:00
1093,20.92,21.700001,20.91,21.18,21.18,441300.0,2021-11-11T00:00:00
1094,21.32,21.49,21.18,21.299999,21.299999,240100.0,2021-11-12T00:00:00
1095,21.379999,21.5,21.040001,21.15,21.15,306200.0,2021-11-15T00:00:00
1096,21.030001,21.440001,21.030001,21.26,21.26,181500.0,2021-11-16T00:00:00
1097,21.110001,21.280001,20.870001,20.92,20.92,287800.0,2021-11-17T00:00:00
1098,20.9,20.93,20.02,20.1,20.1,294200.0,2021-11-18T00:00:00
1099,20.01,20.65,20.01,20.51,20.51,422300.0,2021-11-19T00:00:00
1100,20.68,21.379999,20.57,21.08,21.08,246500.0,2021-11-22T00:00:00
1101,21.1,21.43,21.040001,21.18,21.18,168500.0,2021-11-23T00:00:00
1102,21.540001,21.540001,20.73,20.92,20.92,121300.0,2021-11-24T00:00:00
1103,20.780001,20.98,19.9,19.91,19.91,120600.0,2021-11-26T00:00:00
1104,20.08,20.83,19.209999,19.48,19.48,251400.0,2021-11-29T00:00:00
1105,19.440001,20.370001,19.440001,19.559999,19.559999,306000.0,2021-11-30T00:00:00
1106,19.98,20.4,19.75,19.860001,19.860001,203200.0,2021-12-01T00:00:00
1107,19.889999,20.469999,19.84,20.1,20.1,228300.0,2021-12-02T00:00:00
1108,20.200001,20.66,20.120001,20.41,20.41,179200.0,2021-12-03T00:00:00
1109,20.690001,20.879999,20.17,20.870001,20.870001,202800.0,2021-12-06T00:00:00
1110,20.950001,21.33,20.84,21.09,21.09,204300.0,2021-12-07T00:00:00
1111,21.23,21.299999,21.0,21.280001,21.280001,129200.0,2021-12-08T00:00:00
1112,21.129999,21.690001,21.129999,21.41,21.41,240000.0,2021-12-09T00:00:00
1113,21.5,21.620001,21.16,21.49,21.49,193700.0,2021-12-10T00:00:00
1114,21.540001,21.65,21.18,21.42,21.42,155800.0,2021-12-13T00:00:00
1115,21.42,21.9,21.26,21.6,21.6,171900.0,2021-12-14T00:00:00
1116,21.5,22.379999,21.41,22.35,22.35,287800.0,2021-12-15T00:00:00
1117,22.370001,22.4,21.540001,21.67,21.67,228300.0,2021-12-16T00:00:00
1118,21.52,22.32,21.52,21.83,21.83,632100.0,2021-12-17T00:00:00
1119,21.65,22.26,21.4,22.190001,22.190001,202700.0,2021-12-20T00:00:00
1120,22.5,22.5,21.940001,22.190001,22.190001,205200.0,2021-12-21T00:00:00
1121,22.219999,22.780001,21.950001,22.709999,22.709999,195700.0,2021-12-22T00:00:00
1122,22.620001,22.950001,22.57,22.59,22.59,123100.0,2021-12-23T00:00:00
1123,22.51,22.9,22.48,22.870001,22.870001,138100.0,2021-12-27T00:00:00
1124,22.68,22.950001,22.629999,22.84,22.84,159600.0,2021-12-28T00:00:00
1125,22.9,23.1,22.790001,22.940001,22.940001,166800.0,2021-12-29T00:00:00
1126,22.9,23.809999,22.82,23.139999,23.139999,213000.0,2021-12-30T00:00:00
1127,23.25,23.85,23.08,23.290001,23.290001,212900.0,2021-12-31T00:00:00
1128,23.379999,23.75,22.870001,23.07,23.07,236500.0,2022-01-03T00:00:00
1129,23.129999,23.24,22.860001,22.959999,22.959999,144600.0,2022-01-04T00:00:00
1130,23.0,23.25,22.959999,23.08,23.08,128900.0,2022-01-05T00:00:00
1131,23.09,23.200001,22.799999,23.18,23.18,143800.0,2022-01-06T00:00:00
1132,23.75,25.059999,23.620001,25.049999,25.049999,428900.0,2022-01-07T00:00:00
1133,25.07,25.870001,24.530001,25.83,25.83,486500.0,2022-01-10T00:00:00
1134,25.870001,25.870001,25.049999,25.299999,25.299999,288400.0,2022-01-11T00:00:00
1135,25.24,25.65,25.08,25.610001,25.610001,389200.0,2022-01-12T00:00:00
1136,25.68,25.68,24.73,24.91,24.91,228200.0,2022-01-13T00:00:00
1137,24.85,25.370001,24.48,25.370001,25.370001,159000.0,2022-01-14T00:00:00
1138,25.41,25.469999,24.799999,25.35,25.35,236400.0,2022-01-18T00:00:00
1139,25.34,25.5,24.889999,25.09,25.09,206300.0,2022-01-19T00:00:00
1140,25.049999,25.4,24.610001,24.629999,24.629999,155400.0,2022-01-20T00:00:00
1141,24.370001,25.33,24.219999,24.75,24.75,180000.0,2022-01-21T00:00:00
1142,24.530001,24.940001,23.57,24.719999,24.719999,166300.0,2022-01-24T00:00:00
1143,24.530001,24.99,24.0,24.91,24.91,148000.0,2022-01-25T00:00:00
1144,24.91,25.360001,24.51,24.629999,24.629999,219900.0,2022-01-26T00:00:00
1145,24.65,25.18,24.65,25.030001,25.030001,139700.0,2022-01-27T00:00:00
1146,24.98,26.09,24.9,26.059999,26.059999,641500.0,2022-01-28T00:00:00
1147,26.1,26.49,22.07,23.09,23.09,950100.0,2022-01-31T00:00:00
1148,23.030001,24.700001,22.969999,24.68,24.68,402500.0,2022-02-01T00:00:00
1149,24.34,25.49,23.85,25.33,25.33,378000.0,2022-02-02T00:00:00
1150,25.1,25.6,24.629999,25.440001,25.440001,273100.0,2022-02-03T00:00:00
1151,25.370001,25.52,24.76,25.040001,25.040001,256400.0,2022-02-04T00:00:00
1152,25.129999,26.74,24.75,26.27,26.27,909100.0,2022-02-07T00:00:00
1153,26.52,27.280001,25.379999,26.51,26.51,469200.0,2022-02-08T00:00:00
1154,26.75,26.98,25.93,26.07,26.07,267600.0,2022-02-09T00:00:00
1155,25.9,26.42,25.629999,26.32,26.32,236500.0,2022-02-10T00:00:00
1156,26.41,27.290001,26.35,27.139999,27.139999,217000.0,2022-02-11T00:00:00
1157,27.25,27.360001,25.84,26.049999,26.049999,436900.0,2022-02-14T00:00:00
1158,26.16,26.889999,26.16,26.4,26.4,220100.0,2022-02-15T00:00:00
1159,26.4,26.84,26.209999,26.52,26.52,217600.0,2022-02-16T00:00:00
1160,26.35,26.35,25.610001,26.02,26.02,300700.0,2022-02-17T00:00:00
1161,25.85,26.459999,25.709999,26.209999,26.209999,821000.0,2022-02-18T00:00:00
1162,26.25,26.4,25.84,26.1,26.1,230900.0,2022-02-22T00:00:00
1163,26.84,27.9,26.49,27.459999,27.459999,506800.0,2022-02-23T00:00:00
1164,26.77,27.9,26.52,27.559999,27.559999,467300.0,2022-02-24T00:00:00
1165,27.790001,29.190001,27.639999,28.77,28.77,652500.0,2022-02-25T00:00:00
1166,28.77,28.98,27.360001,27.709999,27.709999,435300.0,2022-02-28T00:00:00
1167,27.75,28.08,26.9,27.43,27.43,890400.0,2022-03-01T00:00:00
1168,27.5,28.83,27.389999,28.4,28.4,216700.0,2022-03-02T00:00:00
1169,28.559999,28.969999,28.299999,28.459999,28.459999,284800.0,2022-03-03T00:00:00
1170,28.049999,28.74,27.889999,28.629999,28.629999,274300.0,2022-03-04T00:00:00
1171,28.719999,30.92,28.5,30.74,30.74,548000.0,2022-03-07T00:00:00
1172,30.09,30.690001,29.91,29.91,29.91,405600.0,2022-03-08T00:00:00
1173,30.01,30.68,29.6,30.1,30.1,348600.0,2022-03-09T00:00:00
1174,30.1,30.790001,29.879999,30.469999,30.469999,401700.0,2022-03-10T00:00:00
1175,30.0,34.959999,29.67,34.299999,34.299999,1230400.0,2022-03-11T00:00:00
1176,34.299999,35.740002,32.560001,34.810001,34.810001,966500.0,2022-03-14T00:00:00
1177,34.490002,34.860001,33.849998,34.740002,34.740002,658000.0,2022-03-15T00:00:00
1178,35.0,35.0,33.23,34.220001,34.220001,526400.0,2022-03-16T00:00:00
1179,34.490002,35.580002,33.970001,34.18,34.18,470900.0,2022-03-17T00:00:00
1180,34.860001,35.0,33.82,34.220001,34.220001,656800.0,2022-03-18T00:00:00
1181,34.560001,35.720001,34.150002,35.450001,35.450001,401900.0,2022-03-21T00:00:00
1182,35.740002,36.0,34.25,35.540001,35.540001,365800.0,2022-03-22T00:00:00
1183,35.439999,36.200001,35.27,35.48,35.48,290500.0,2022-03-23T00:00:00
1184,35.560001,36.220001,35.060001,35.77,35.77,228500.0,2022-03-24T00:00:00
1185,35.869999,36.970001,35.700001,36.439999,36.439999,331000.0,2022-03-25T00:00:00
1186,36.369999,36.790001,35.93,36.450001,36.450001,358400.0,2022-03-28T00:00:00
1187,36.369999,36.860001,35.369999,35.830002,35.830002,431900.0,2022-03-29T00:00:00
1188,35.959999,36.82,35.93,36.43,36.43,225300.0,2022-03-30T00:00:00
1189,36.5,37.16,35.669998,35.900002,35.900002,662700.0,2022-03-31T00:00:00
1190,36.139999,37.490002,35.540001,37.41,37.41,326900.0,2022-04-01T00:00:00
1191,37.5,38.099998,36.790001,37.889999,37.889999,361200.0,2022-04-04T00:00:00
1192,38.189999,39.02,36.630001,36.82,36.82,479200.0,2022-04-05T00:00:00
1193,36.599998,38.0,36.549999,37.790001,37.790001,403800.0,2022-04-06T00:00:00
1194,37.93,40.360001,37.48,40.169998,40.169998,730300.0,2022-04-07T00:00:00
1195,40.279999,41.650002,39.810001,41.16,41.16,782100.0,2022-04-08T00:00:00
1196,41.66,43.200001,40.790001,41.25,41.25,818100.0,2022-04-11T00:00:00
1197,40.82,42.75,40.540001,42.099998,42.099998,570800.0,2022-04-12T00:00:00
1198,42.18,43.189999,41.66,42.290001,42.290001,388100.0,2022-04-13T00:00:00
1199,42.869999,44.459999,41.279999,41.540001,41.540001,750200.0,2022-04-14T00:00:00
1200,40.290001,41.099998,38.18,38.43,38.43,905300.0,2022-04-18T00:00:00
1201,38.630001,39.84,38.52,39.040001,39.040001,437500.0,2022-04-19T00:00:00
1202,39.049999,39.490002,38.400002,39.110001,39.110001,270900.0,2022-04-20T00:00:00
1203,38.700001,40.209999,38.080002,38.439999,38.439999,362300.0,2022-04-21T00:00:00
1204,38.380001,38.869999,37.32,37.380001,37.380001,359400.0,2022-04-22T00:00:00
1205,36.880001,37.439999,35.43,36.880001,36.880001,537000.0,2022-04-25T00:00:00
1206,36.919998,38.209999,36.0,36.139999,36.139999,600500.0,2022-04-26T00:00:00
1207,36.220001,37.060001,35.630001,36.049999,36.049999,411500.0,2022-04-27T00:00:00
1208,36.389999,36.389999,34.889999,35.43,35.43,323400.0,2022-04-28T00:00:00
1209,35.43,36.16,34.98,35.470001,35.470001,334400.0,2022-04-29T00:00:00
1210,35.299999,35.689999,34.470001,35.310001,35.310001,493700.0,2022-05-02T00:00:00
1211,35.34,35.73,34.5,35.09,35.09,346000.0,2022-05-03T00:00:00
1212,35.310001,35.34,34.02,35.02,35.02,371300.0,2022-05-04T00:00:00
1213,34.939999,35.400002,33.490002,34.099998,34.099998,336100.0,2022-05-05T00:00:00
1214,34.099998,34.34,32.490002,32.709999,32.709999,562700.0,2022-05-06T00:00:00
1215,32.18,33.049999,31.33,31.76,31.76,630700.0,2022-05-09T00:00:00
1216,31.33,34.240002,31.139999,34.0,34.0,709700.0,2022-05-10T00:00:00
1217,33.869999,34.240002,32.889999,32.98,32.98,528200.0,2022-05-11T00:00:00
1218,33.09,34.939999,32.990002,34.799999,34.799999,593400.0,2022-05-12T00:00:00
1219,35.09,35.43,34.189999,35.34,35.34,582700.0,2022-05-13T00:00:00
1220,35.200001,36.66,35.18,35.369999,35.369999,506600.0,2022-05-16T00:00:00
1221,35.599998,36.27,35.07,35.93,35.93,374400.0,2022-05-17T00:00:00
1222,35.740002,36.16,33.450001,34.07,34.07,567000.0,2022-05-18T00:00:00
1223,33.77,34.32,33.25,33.700001,33.700001,344000.0,2022-05-19T00:00:00
1224,33.68,34.709999,33.41,33.700001,33.700001,499700.0,2022-05-20T00:00:00
1225,34.209999,35.200001,33.93,34.799999,34.799999,355600.0,2022-05-23T00:00:00
1226,34.27,34.900002,33.59,33.939999,33.939999,309100.0,2022-05-24T00:00:00
1227,33.939999,37.049999,33.939999,36.720001,36.720001,957500.0,2022-05-25T00:00:00
1228,36.119999,36.830002,35.75,36.18,36.18,479400.0,2022-05-26T00:00:00
1229,36.150002,39.259998,36.009998,38.869999,38.869999,844200.0,2022-05-27T00:00:00
1230,39.220001,39.98,36.68,37.139999,37.139999,802900.0,2022-05-31T00:00:00
1231,37.389999,38.099998,36.110001,37.66,37.66,513100.0,2022-06-01T00:00:00
1232,37.639999,38.439999,36.41,38.27,38.27,674400.0,2022-06-02T00:00:00
1233,38.0,38.73,36.639999,37.77,37.77,600600.0,2022-06-03T00:00:00
1234,38.150002,38.299999,37.369999,37.470001,37.470001,358700.0,2022-06-06T00:00:00
1235,37.330002,41.939999,37.330002,41.41,41.41,2036400.0,2022-06-07T00:00:00
1236,41.720001,42.310001,37.450001,38.290001,38.290001,1207100.0,2022-06-08T00:00:00
1237,37.66,38.740002,28.639999,30.190001,30.190001,2794100.0,2022-06-09T00:00:00
1238,29.709999,30.84,29.34,30.02,30.02,992500.0,2022-06-10T00:00:00
1239,29.120001,30.610001,29.0,29.790001,29.790001,829000.0,2022-06-13T00:00:00
1240,29.73,31.219999,29.73,31.02,31.02,588100.0,2022-06-14T00:00:00
1241,30.940001,31.85,30.440001,31.32,31.32,663600.0,2022-06-15T00:00:00
1242,30.9,31.57,30.6,31.110001,31.110001,459500.0,2022-06-16T00:00:00
1243,31.35,32.57,31.27,31.52,31.52,1116500.0,2022-06-17T00:00:00
1244,31.98,32.5,31.129999,31.610001,31.610001,420800.0,2022-06-21T00:00:00
1245,31.35,32.380001,31.299999,31.709999,31.709999,361500.0,2022-06-22T00:00:00
1246,31.719999,32.900002,31.719999,32.740002,32.740002,515700.0,2022-06-23T00:00:00
1247,32.889999,33.0,31.52,31.780001,31.780001,1255800.0,2022-06-24T00:00:00
1248,32.220001,34.689999,31.940001,34.279999,34.279999,375700.0,2022-06-27T00:00:00
1249,34.18,34.389999,32.900002,33.25,33.25,291500.0,2022-06-28T00:00:00
1250,33.52,34.490002,32.540001,34.150002,34.150002,331800.0,2022-06-29T00:00:00
1251,33.77,35.299999,33.689999,34.790001,34.790001,748900.0,2022-06-30T00:00:00
1252,34.75,35.41,34.419998,35.349998,35.349998,408500.0,2022-07-01T00:00:00
1253,34.82,35.549999,33.810001,34.66,34.66,437300.0,2022-07-05T00:00:00
1254,34.439999,35.98,34.439999,35.279999,35.279999,415400.0,2022-07-06T00:00:00
1255,35.470001,36.740002,35.25,36.41,36.41,370000.0,2022-07-07T00:00:00
1256,36.5,36.77,35.91,36.110001,36.110001,275400.0,2022-07-08T00:00:00
